# MakeHuman hm08 head subset. Original base mesh CC0, September 2020.
# Source: https://github.com/makehumancommunity/makehuman/blob/master/makehuman/data/3dobjs/base.obj
v -0.3492 7.3299 1.4076
v -0.311 7.3315 1.4107
v -0.3481 7.3465 1.4062
v -0.3095 7.3456 1.4117
v -0.3487 7.3574 1.4039
v -0.308 7.3566 1.4103
v -0.3835 7.3242 1.4009
v -0.3849 7.3413 1.3972
v -0.3886 7.3508 1.393
v -0.4099 7.3169 1.3895
v -0.4154 7.331 1.385
v -0.423 7.339 1.3777
v -0.4279 7.3066 1.3788
v -0.4363 7.3188 1.3727
v -0.4462 7.3246 1.365
v -0.4337 7.3008 1.3734
v -0.4473 7.3085 1.3624
v -0.4582 7.3114 1.3514
v -0.4385 7.2937 1.3653
v -0.4521 7.2991 1.3548
v -0.4638 7.3001 1.342
v -0.4394 7.2874 1.358
v -0.4531 7.2897 1.3462
v -0.4645 7.2899 1.3358
v -0.4367 7.2823 1.355
v -0.4513 7.281 1.3462
v -0.4631 7.2784 1.3355
v -0.4336 7.2755 1.3562
v -0.4463 7.2714 1.3465
v -0.4584 7.2665 1.3339
v -0.4249 7.2677 1.3656
v -0.4313 7.2544 1.3572
v -0.4422 7.2435 1.3469
v -0.4086 7.257 1.3768
v -0.4142 7.2427 1.3697
v -0.4237 7.2315 1.363
v -0.3865 7.2481 1.3873
v -0.3927 7.2332 1.3822
v -0.3976 7.2201 1.3774
v -0.3597 7.2113 1.3915
v -0.3536 7.2243 1.3969
v -0.3519 7.2406 1.4016
v -0.3161 7.2096 1.4009
v -0.3097 7.2215 1.3981
v -0.3109 7.2395 1.4046
v -0.2708 7.2133 1.3995
v -0.2696 7.224 1.3978
v -0.276 7.2434 1.3986
v -0.2322 7.2216 1.3934
v -0.2332 7.2327 1.3932
v -0.241 7.2478 1.3915
v -0.1856 7.2391 1.3849
v -0.1937 7.2438 1.3837
v -0.21 7.2549 1.3795
v -0.2725 7.3227 1.4055
v -0.2682 7.3372 1.4082
v -0.2655 7.3477 1.408
v -0.2353 7.3097 1.3949
v -0.2303 7.3232 1.4012
v -0.2265 7.3319 1.4044
v -0.2093 7.2945 1.3918
v -0.2016 7.3061 1.3992
v -0.1964 7.3135 1.402
v -0.1817 7.2799 1.3835
v -0.174 7.284 1.3989
v -0.1678 7.2859 1.4006
v -0.1752 7.2736 1.3807
v -0.1676 7.2761 1.3942
v -0.1612 7.2762 1.3998
v -0.1757 7.2671 1.3781
v -0.1651 7.2673 1.3918
v -0.1583 7.2656 1.3982
v -0.1846 7.2588 1.3761
v -0.1675 7.2576 1.3887
v -0.1602 7.2545 1.3936
v -0.4442 7.1992 1.3345
v -0.4129 7.1829 1.3539
v -0.3698 7.1722 1.3779
v -0.3179 7.1697 1.3913
v -0.2625 7.176 1.3983
v -0.2145 7.1901 1.3934
v -0.1632 7.2214 1.3891
v -0.4636 7.3308 1.3402
v -0.4784 7.3149 1.3273
v -0.4841 7.3014 1.3195
v -0.4865 7.2885 1.3154
v -0.4867 7.2742 1.3131
v -0.4841 7.2563 1.3099
v -0.4668 7.2202 1.3182
v -0.3502 7.3738 1.3999
v -0.3059 7.3734 1.4073
v -0.395 7.3657 1.3825
v -0.4351 7.3502 1.3646
v -0.2593 7.3638 1.4106
v -0.2157 7.3477 1.412
v -0.1821 7.3289 1.4127
v -0.1484 7.2937 1.4117
v -0.1422 7.2787 1.4114
v -0.1409 7.2631 1.4091
v -0.1454 7.2447 1.3996
v -0.185 7.2941 1.3984
v -0.1788 7.2987 1.4006
v -0.1952 7.2848 1.3878
v -0.1603 7.3103 1.4108
v -0.1293 7.2967 1.4247
v -0.123 7.2788 1.4229
v -0.1225 7.2601 1.4202
v -0.1299 7.2378 1.416
v -0.1424 7.3165 1.4256
v -0.1055 7.3001 1.4449
v -0.0994 7.2784 1.4428
v -0.1003 7.2567 1.4412
v -0.1089 7.23 1.4365
v -0.1185 7.3232 1.4463
v -0.0812 7.3069 1.47
v -0.0757 7.2801 1.4686
v -0.078 7.2537 1.4677
v -0.0886 7.2217 1.4606
v -0.0925 7.3326 1.4701
v -0.0645 7.1705 1.5077
v -0.055 7.312 1.491
v -0.0515 7.2837 1.4905
v -0.0546 7.2526 1.4908
v -0.0666 7.2112 1.4883
v -0.0635 7.3397 1.4918
v -0.0332 7.1876 1.5278
v -0.0285 7.3178 1.5032
v -0.0271 7.2876 1.5044
v -0.0286 7.2574 1.5094
v -0.032 7.227 1.5145
v -0.0325 7.3464 1.5046
v 0.0 7.1963 1.5364
v 0.0 7.3231 1.5057
v 0.0 7.2916 1.5075
v 0.0 7.2609 1.5139
v 0.0 7.233 1.5223
v 0.0 7.3512 1.5074
v -0.4629 7.1764 1.3244
v -0.4293 7.1566 1.3512
v -0.38 7.1439 1.379
v -0.3206 7.1429 1.401
v -0.2588 7.1514 1.4109
v -0.2058 7.1688 1.4096
v -0.1493 7.2102 1.4061
v -0.4751 7.3375 1.3299
v -0.4933 7.3189 1.3127
v -0.5023 7.3029 1.3045
v -0.5057 7.2873 1.2995
v -0.5062 7.2697 1.2954
v -0.5048 7.2491 1.2949
v -0.4867 7.2021 1.3059
v -0.3519 7.3856 1.4022
v -0.3021 7.3866 1.413
v -0.4008 7.3749 1.382
v -0.4443 7.3569 1.3554
v -0.2503 7.3772 1.4203
v -0.2023 7.359 1.4248
v -0.1654 7.338 1.4262
v -0.5241 7.3044 1.2854
v -0.514 7.3239 1.2961
v -0.4922 7.3462 1.3167
v -0.1712 6.9974 1.4719
v -0.063 7.0869 1.556
v -0.0341 7.0978 1.5712
v 0.0 7.1046 1.583
v -0.1407 7.3489 1.446
v -0.1115 7.3603 1.47
v -0.078 7.3703 1.4932
v -0.0382 7.3767 1.5049
v 0.0 7.382 1.5092
v -0.3522 7.4063 1.4055
v -0.2928 7.409 1.4238
v -0.4086 7.3923 1.3801
v -0.4578 7.3693 1.3463
v -0.2324 7.3982 1.4402
v -0.1783 7.3762 1.4482
v -0.35 7.4301 1.4111
v -0.2774 7.4333 1.4379
v -0.4139 7.4161 1.3779
v -0.4688 7.3916 1.3399
v -0.2048 7.4222 1.4612
v -0.1485 7.3935 1.4693
v -0.1297 7.1108 1.468
v -0.4495 7.126 1.3467
v -0.2034 6.9603 1.4628
v -0.5289 7.2854 1.2797
v -0.5301 7.2637 1.2749
v -0.5283 7.2387 1.2727
v -0.5485 7.3092 1.2618
v -0.5349 7.3362 1.2779
v -0.5087 7.3639 1.3054
v -0.3942 7.1108 1.3816
v -0.4303 7.0406 1.3772
v -0.5543 7.2842 1.2539
v -0.5579 7.2557 1.2486
v -0.5538 7.2253 1.2462
v -0.5333 7.1598 1.2713
v -0.1577 6.9774 1.4854
v -0.0897 7.041 1.5597
v -0.0637 7.0525 1.5817
v -0.0367 7.0608 1.5991
v 0.0 7.0665 1.608
v -0.1146 7.0251 1.5359
v -0.1811 6.9431 1.4736
v -0.34 7.4636 1.4197
v -0.2558 7.4685 1.4553
v -0.4149 7.4468 1.3788
v -0.4771 7.4194 1.3337
v -0.1615 7.4572 1.4891
v -0.1063 7.41 1.4934
v -0.5678 7.3179 1.2363
v -0.5501 7.3521 1.2581
v -0.5244 7.3859 1.2923
v -0.4954 7.0618 1.3262
v -0.0974 7.1406 1.4862
v -0.5758 7.2838 1.2229
v -0.5823 7.2474 1.217
v -0.5814 7.2108 1.2177
v -0.5599 7.1351 1.2453
v -0.5278 7.0229 1.2994
v 0.0 7.4266 1.5172
v -0.0493 7.4194 1.5109
v -0.3373 7.5016 1.4232
v -0.2494 7.5124 1.4654
v -0.4188 7.4819 1.3766
v -0.4833 7.4515 1.3256
v -0.1703 8.1089 1.3046
v 0.0 7.4664 1.5241
v -0.0682 7.4647 1.5153
v -0.3382 7.5411 1.4241
v -0.247 7.5533 1.4692
v -0.423 7.5184 1.3726
v -0.4918 7.4836 1.3153
v -0.1537 7.5145 1.5027
v 0.0 7.5158 1.5294
v -0.0669 7.5153 1.5215
v -0.1475 7.558 1.5072
v 0.0 7.5602 1.5335
v -0.0636 7.5578 1.5258
v -0.3787 7.7833 1.3533
v -0.2693 7.8177 1.4145
v -0.4891 7.7355 1.2824
v -0.5776 7.6691 1.1867
v -0.1581 7.7103 1.4952
v 0.0 7.7191 1.5139
v -0.0601 7.7176 1.5103
v -0.4233 7.9395 1.2634
v -0.297 7.9828 1.3317
v -0.5406 7.8719 1.1777
v -0.6219 7.7734 1.0755
v -0.1623 7.8373 1.4528
v 0.0 7.8495 1.4727
v -0.0614 7.8478 1.4683
v -0.5859 7.3265 1.2062
v -0.5645 7.371 1.2353
v -0.534 7.4121 1.2771
v -0.5999 7.2851 1.1877
v -0.6036 7.2411 1.1786
v -0.6041 7.1961 1.1802
v -0.5864 7.1073 1.2137
v -0.6 7.3369 1.1691
v -0.5766 7.3882 1.2082
v -0.5411 7.4381 1.2573
v -0.6163 7.2857 1.1434
v -0.6675 7.3927 0.9465
v -0.6492 7.4938 1.0074
v -0.6246 7.5836 1.0922
v -0.6829 7.2872 0.903
v -0.6905 7.187 0.8833
v -0.6879 7.089 0.8745
v -0.6613 6.9044 0.9022
v -0.6802 7.5466 0.9105
v -0.6671 7.665 0.9799
v -0.6872 7.7052 0.9211
v -0.0872 6.8778 1.6197
v -0.0788 6.8862 1.6365
v -0.0884 6.9178 1.6368
v -0.0959 6.9671 1.6192
v -0.0945 6.9913 1.6037
v -0.0938 7.016 1.5862
v -0.1224 6.9827 1.5822
v -0.115 7.0033 1.5569
v -0.159 6.9502 1.5261
v -0.1592 6.9636 1.5117
v -0.1705 6.9265 1.5018
v -0.0806 6.813 1.5317
v -0.1394 6.8387 1.5004
v -0.136 6.8975 1.5808
v -0.1645 6.8614 1.4846
v -0.0664 7.0244 1.6078
v -0.0369 7.03 1.6221
v 0.0 7.034 1.631
v -0.0674 6.9707 1.6438
v -0.0348 6.9707 1.6595
v 0.0 6.9688 1.6689
v -0.0589 6.9167 1.6614
v -0.0295 6.9138 1.674
v 0.0 6.909 1.6807
v -0.0645 6.861 1.616
v -0.0543 6.8607 1.6252
v -0.052 6.8851 1.6553
v -0.0267 6.8828 1.6633
v 0.0 6.8809 1.6678
v -0.0524 6.8462 1.5955
v -0.0429 6.8396 1.6025
v -0.038 6.86 1.6294
v -0.0198 6.8565 1.6344
v 0.0 6.854 1.6405
v -0.052 6.831 1.5753
v -0.0429 6.8234 1.577
v -0.0289 6.8351 1.6014
v -0.0151 6.8304 1.6038
v 0.0 6.8268 1.6033
v -0.0577 6.8206 1.5522
v -0.0534 6.8064 1.5529
v -0.0266 6.8159 1.5762
v -0.0125 6.811 1.574
v 0.0 6.8053 1.5732
v -0.1582 6.8652 1.5081
v -0.1545 6.8867 1.5472
v -0.13 6.8468 1.5104
v -0.1217 6.8712 1.5804
v -0.1292 6.8845 1.5809
v -0.1458 6.8725 1.5537
v -0.1383 6.8643 1.5579
v -0.1395 6.8588 1.5234
v -0.1512 6.8558 1.5226
v -0.0878 6.8705 1.6079
v -0.0701 6.8608 1.6082
v -0.0557 6.8528 1.5889
v -0.0575 6.8394 1.5716
v -0.0629 6.8328 1.551
v -0.0816 6.8281 1.5333
v -0.1147 6.8247 1.5118
v -0.1137 6.836 1.5145
v -0.1145 6.9187 1.6104
v -0.1584 6.8999 1.5424
v -0.1687 6.881 1.5072
v -0.1226 6.9613 1.5938
v -0.1606 6.9375 1.5347
v -0.1694 6.9232 1.5139
v -0.0306 6.7987 1.5627
v -0.0139 6.7923 1.5677
v 0.0 6.7894 1.5627
v -0.1227 6.8527 1.5189
v -0.1105 6.8754 1.565
v -0.1265 6.8671 1.5518
v -0.1263 6.8633 1.5292
v -0.0834 6.8718 1.5892
v -0.0719 6.8678 1.5885
v -0.0601 6.8636 1.5793
v -0.0575 6.8521 1.5634
v -0.0665 6.8417 1.5483
v -0.0818 6.8383 1.535
v -0.1095 6.8441 1.5203
v -0.0719 6.7401 1.5606
v -0.0459 6.7328 1.5767
v -0.0177 6.7243 1.5742
v -0.1509 6.8366 1.4881
v -0.0824 6.8 1.5334
v -0.1191 6.808 1.5131
v -0.2714 6.5934 1.4105
v 0.0 6.7216 1.5706
v -0.2427 6.6597 1.4614
v -0.1012 6.883 1.6111
v -0.0983 6.8722 1.6011
v -0.0972 6.87 1.5868
v -0.1078 6.8985 1.6121
v -0.2662 6.6353 1.4323
v -0.2745 6.6089 1.4133
v -0.1889 6.5242 1.465
v -0.2293 6.5555 1.4342
v -0.2121 6.752 1.4771
v -0.2515 6.573 1.4189
v -0.2083 6.7215 1.483
v -0.2087 6.6897 1.4875
v -0.2499 6.7048 1.4565
v -0.2454 6.6823 1.4611
v -0.2731 6.6485 1.4294
v -0.288 6.6087 1.4086
v -0.2886 6.5836 1.4023
v -0.1123 6.8622 1.5318
v -0.1041 6.8724 1.5641
v -0.1139 6.8699 1.5486
v -0.118 6.8663 1.536
v -0.0863 6.8735 1.5791
v -0.0805 6.8718 1.5752
v -0.0729 6.8685 1.5694
v -0.0718 6.8621 1.5571
v -0.0794 6.8554 1.545
v -0.0881 6.851 1.5367
v -0.1014 6.8563 1.5318
v -0.0945 6.8736 1.5739
v -0.097 6.8722 1.5567
v -0.105 6.8686 1.5441
v -0.0892 6.8736 1.5666
v -0.0856 6.8685 1.5537
v -0.093 6.8636 1.5421
v -0.082 6.8713 1.5625
v -0.2605 6.5474 1.4121
v -0.2348 6.5269 1.4279
v -0.1917 6.504 1.4544
v -0.2668 6.6089 1.4153
v -0.264 6.5973 1.4128
v -0.2484 6.5809 1.4202
v -0.228 6.5663 1.4363
v -0.1865 6.5429 1.4728
v -0.2599 6.6281 1.4354
v -0.2391 6.6458 1.4619
v -0.1091 6.7162 1.5654
v -0.1787 6.687 1.5235
v -0.2108 6.667 1.4958
v -0.2343 6.6355 1.4617
v -0.2069 6.6549 1.4962
v -0.2296 6.6289 1.4632
v -0.2025 6.6447 1.4964
v -0.2209 6.6155 1.4585
v -0.1906 6.6245 1.4879
v -0.2117 6.6149 1.4488
v -0.1846 6.6147 1.4854
v -0.2073 6.6171 1.4402
v -0.1728 6.6165 1.4685
v -0.2589 6.6096 1.4172
v -0.2565 6.6022 1.4118
v -0.2538 6.6208 1.4374
v -0.2528 6.6087 1.4196
v -0.2528 6.6048 1.4139
v -0.2466 6.6167 1.4373
v -0.2463 6.6094 1.4174
v -0.2464 6.6078 1.4142
v -0.2335 6.6131 1.4352
v -0.2428 6.6108 1.4115
v -0.2439 6.6095 1.4072
v -0.2273 6.6132 1.4314
v -0.2409 6.6143 1.399
v -0.2441 6.612 1.3935
v -0.2221 6.6167 1.4227
v -0.2107 6.6062 1.4261
v -0.2117 6.6017 1.437
v -0.2197 6.5879 1.444
v -0.224 6.5787 1.4421
v -0.2426 6.5891 1.423
v -0.2379 6.5951 1.4249
v -0.2312 6.6041 1.4211
v -0.2294 6.6068 1.4117
v -0.2313 6.6077 1.3948
v -0.2174 6.6082 1.4041
v -0.1782 6.6749 1.5289
v -0.1755 6.6645 1.5267
v -0.1626 6.6307 1.5184
v -0.0515 6.7093 1.5955
v -0.1105 6.701 1.5703
v -0.1088 6.6885 1.5729
v -0.1045 6.6418 1.5566
v -0.0224 6.6983 1.5975
v 0.0 6.696 1.5973
v -0.0799 6.7186 1.5853
v -0.0806 6.7047 1.588
v -0.0803 6.6946 1.5905
v -0.077 6.6413 1.5657
v -0.0532 6.6957 1.5957
v -0.0533 6.684 1.5955
v -0.05 6.6352 1.5722
v -0.023 6.6839 1.5992
v -0.0233 6.6742 1.5981
v -0.0198 6.6295 1.5775
v 0.0 6.6826 1.6019
v 0.0 6.6712 1.6012
v 0.0 6.6297 1.5778
v -0.156 6.6146 1.5163
v -0.1014 6.6133 1.5452
v -0.0761 6.6127 1.5452
v -0.0466 6.6114 1.5488
v -0.0215 6.6095 1.5497
v 0.0 6.6081 1.553
v -0.1638 6.6063 1.4586
v -0.1724 6.5999 1.4789
v -0.1824 6.5773 1.4785
v -0.1837 6.5617 1.4765
v -0.1297 6.475 1.4831
v -0.1296 6.5135 1.5116
v -0.1107 6.6043 1.517
v -0.1151 6.5928 1.5173
v -0.1234 6.5648 1.5253
v -0.1277 6.5406 1.5168
v -0.0534 6.4615 1.5001
v -0.0571 6.4953 1.5417
v -0.0508 6.6011 1.5345
v -0.0511 6.5899 1.5419
v -0.0528 6.5544 1.5535
v -0.0544 6.5296 1.5489
v 0.0 6.4583 1.5032
v 0.0 6.4885 1.5565
v 0.0 6.6014 1.5396
v 0.0 6.5885 1.5512
v 0.0 6.5563 1.5657
v 0.0 6.5271 1.5616
v -0.196 6.6324 1.4904
v -0.2243 6.6214 1.4612
v -0.2391 6.6143 1.4354
v -0.2494 6.6089 1.4192
v -0.249 6.6067 1.4168
v -0.2148 6.5957 1.4419
v -0.2339 6.6002 1.4251
v -0.168 6.647 1.5218
v -0.1061 6.6645 1.5641
v -0.0785 6.666 1.5776
v -0.0515 6.6581 1.5828
v -0.0214 6.6509 1.586
v 0.0 6.6491 1.5887
v -0.1786 6.5903 1.4819
v -0.1196 6.5797 1.5248
v -0.0517 6.571 1.5529
v 0.0 6.5736 1.5593
v -0.0734 6.6198 1.5117
v -0.0949 6.6198 1.5073
v -0.1437 6.6183 1.4834
v -0.0508 6.6061 1.5312
v -0.1044 6.607 1.5077
v -0.1587 6.6097 1.443
v 0.0 6.6149 1.5144
v -0.019 6.6182 1.5076
v -0.0423 6.6183 1.508
v 0.0 6.6057 1.5271
v -0.206 6.6242 1.4296
v -0.1667 6.6268 1.4544
v -0.2419 6.6201 1.3812
v -0.2496 6.615 1.3739
v -0.2188 6.6233 1.4103
v -0.2395 6.606 1.3714
v -0.2122 6.6045 1.388
v -0.0726 6.6296 1.5043
v -0.0932 6.6295 1.4988
v -0.1419 6.629 1.4737
v -0.0552 6.6022 1.5105
v -0.096 6.6069 1.492
v -0.18 6.6042 1.4117
v 0.0 6.6269 1.5109
v -0.0181 6.6293 1.5068
v -0.0432 6.629 1.5065
v 0.0 6.6025 1.5086
v -0.1935 6.6473 1.4142
v -0.1564 6.653 1.4395
v -0.2469 6.6278 1.3634
v -0.256 6.6169 1.3576
v -0.2095 6.6433 1.3952
v -0.2293 6.59 1.3595
v -0.2008 6.5821 1.3712
v -0.0641 6.6646 1.4964
v -0.0863 6.6632 1.4847
v -0.1293 6.6608 1.4602
v -0.0638 6.5879 1.4881
v -0.1087 6.5914 1.4663
v -0.1714 6.5851 1.3907
v 0.0 6.6497 1.507
v -0.0156 6.6555 1.5042
v -0.0386 6.661 1.5013
v 0.0 6.5769 1.4964
v -0.1866 6.6875 1.4128
v -0.1537 6.6972 1.4363
v -0.2483 6.6469 1.3563
v -0.2608 6.6206 1.3457
v -0.2064 6.6797 1.3937
v -0.2287 6.5644 1.3518
v -0.1979 6.5513 1.3674
v -0.0613 6.7079 1.4968
v -0.0826 6.7088 1.4842
v -0.1253 6.7047 1.4592
v -0.0618 6.5454 1.4851
v -0.1158 6.5529 1.4541
v -0.1658 6.5508 1.3916
v 0.0 6.6996 1.5078
v -0.0153 6.7031 1.5052
v -0.037 6.7051 1.5031
v 0.0 6.5366 1.506
v -0.1817 6.7275 1.4092
v -0.1462 6.736 1.4338
v -0.2529 6.6678 1.3467
v -0.2661 6.6258 1.334
v -0.2044 6.7166 1.3895
v -0.2283 6.5462 1.3437
v -0.195 6.5272 1.3617
v -0.0583 6.7531 1.4915
v -0.0785 6.7523 1.4802
v -0.1234 6.7486 1.4534
v -0.0588 6.5076 1.4783
v -0.1181 6.5138 1.4418
v -0.1605 6.521 1.3876
v 0.0 6.7438 1.4999
v -0.015 6.747 1.4997
v -0.0355 6.7511 1.4972
v 0.0 6.5078 1.4967
v -0.182 6.7751 1.3917
v -0.1482 6.79 1.4128
v -0.265 6.694 1.3273
v -0.2779 6.6315 1.3127
v -0.2082 6.7604 1.373
v -0.2324 6.5199 1.32
v -0.1967 6.4905 1.3374
v -0.0576 6.8087 1.4671
v -0.0787 6.8088 1.4566
v -0.122 6.8004 1.4259
v -0.0453 6.4514 1.4311
v -0.1245 6.4617 1.3916
v -0.1598 6.4756 1.3583
v 0.0 6.7929 1.4682
v -0.0139 6.7987 1.473
v -0.0325 6.8049 1.4722
v 0.0 6.4527 1.4237
v -0.1958 6.8384 1.3303
v -0.1605 6.8586 1.3405
v -0.2915 6.7249 1.2797
v -0.3041 6.6441 1.2665
v -0.2273 6.8172 1.3175
v -0.2526 6.499 1.2673
v -0.211 6.4574 1.2795
v -0.0589 6.8865 1.3799
v -0.0864 6.8853 1.3723
v -0.1317 6.8717 1.3506
v -0.0609 6.4006 1.3471
v -0.1239 6.4239 1.3224
v -0.1707 6.4336 1.2949
v 0.0 6.8644 1.3795
v -0.0117 6.8728 1.3849
v -0.0341 6.8815 1.3839
v 0.0 6.4046 1.3379
v -0.2107 6.8989 1.2153
v -0.1826 6.9165 1.2171
v -0.3168 6.7538 1.1754
v -0.3265 6.659 1.1653
v -0.2453 6.8739 1.2113
v -0.2722 6.4891 1.1623
v -0.2319 6.4651 1.1622
v -0.067 6.9602 1.2344
v -0.0955 6.9582 1.2311
v -0.1498 6.9338 1.2219
v -0.0629 6.395 1.1847
v -0.1384 6.4141 1.1784
v -0.1914 6.4407 1.1698
v 0.0 6.9294 1.2385
v -0.0131 6.9423 1.24
v -0.0399 6.954 1.2373
v 0.0 6.3689 1.1989
v -0.2536 6.9334 1.0263
v -0.2237 6.9525 1.0268
v -0.3579 6.7824 1.0112
v -0.3636 6.6746 1.0023
v -0.2892 6.9064 1.0237
v -0.2959 6.489 1.0158
v -0.2528 6.4658 1.0062
v -0.0861 6.9937 1.0308
v -0.1223 6.9938 1.0301
v -0.1889 6.9669 1.0251
v -0.0741 6.4084 1.021
v -0.1495 6.4225 1.0159
v -0.2122 6.4361 1.009
v 0.0 6.9572 1.0474
v -0.0145 6.9713 1.038
v -0.0501 6.9853 1.0334
v 0.0 6.3912 1.0281
v -0.2481 6.8989 0.8262
v -0.2153 6.9194 0.8276
v -0.3602 6.7525 0.8097
v -0.3507 6.6645 0.8067
v -0.2866 6.8691 0.823
v -0.298 6.4903 0.8227
v -0.2775 6.3915 0.8046
v -0.0834 6.9559 0.8306
v -0.1179 6.9555 0.8294
v -0.1814 6.9308 0.8245
v -0.0824 6.238 0.6836
v -0.1707 6.2753 0.7114
v -0.2452 6.3224 0.7469
v 0.0 6.9265 0.8525
v -0.016 6.9401 0.8449
v -0.0501 6.95 0.8341
v 0.0 6.2249 0.6917
v -0.2162 6.8013 0.656
v -0.1812 6.8158 0.661
v -0.3223 6.7 0.633
v -0.3085 6.644 0.6113
v -0.2557 6.7802 0.6489
v -0.215 6.5227 0.6022
v -0.2076 6.4366 0.603
v -0.0687 6.8409 0.6685
v -0.0933 6.8406 0.6676
v -0.146 6.8211 0.6726
v -0.0649 6.3166 0.6148
v -0.1129 6.3387 0.6082
v -0.1663 6.3775 0.61
v 0.0 6.8243 0.6889
v -0.0169 6.8296 0.6777
v -0.0378 6.8363 0.6715
v 0.0 6.3045 0.6199
v -0.1512 6.6758 0.5712
v -0.1411 6.6967 0.5686
v -0.2283 6.6487 0.5602
v -0.212 6.6136 0.5639
v -0.1668 6.6692 0.5692
v -0.1665 6.5672 0.5695
v -0.1497 6.5491 0.5734
v -0.0521 6.7037 0.5692
v -0.0733 6.6881 0.5722
v -0.1141 6.7036 0.5674
v -0.0445 6.5182 0.5744
v -0.0824 6.5298 0.5788
v -0.1233 6.5326 0.5696
v 0.0 6.6804 0.589
v -0.0174 6.684 0.5875
v -0.0315 6.701 0.5711
v 0.0 6.5256 0.5873
v -0.2815 6.6644 1.4263
v -0.3065 6.6044 1.397
v -0.2584 7.695 1.4579
v -0.3541 7.668 1.4028
v -0.4513 7.6307 1.3389
v -0.5313 7.5811 1.262
v -0.6451 7.3655 1.0419
v -0.6617 7.2822 1.0035
v -0.6221 7.4458 1.0994
v -0.5861 7.5163 1.1785
v -0.1923 6.4724 1.4401
v -0.1292 6.4472 1.4675
v -0.0537 6.4311 1.4834
v 0.0 6.4303 1.4908
v -0.3026 6.5761 1.3928
v -0.0638 6.168 1.341
v -0.1443 6.1869 1.3181
v -0.1309 6.4115 1.4639
v -0.2693 6.5259 1.4039
v -0.2374 6.5013 1.4219
v -0.0584 6.3945 1.4866
v 0.0 6.1683 1.3778
v 0.0 6.3877 1.4983
v -0.1941 6.4353 1.4294
v -0.5552 6.651 1.0493
v -0.6007 6.7262 0.9796
v -0.5091 6.5107 1.0424
v -0.5729 6.7387 0.6068
v -0.5527 6.5791 0.7813
v -0.5123 6.4917 0.8663
v -0.4745 6.4321 0.9384
v -0.4429 6.388 1.0012
v -0.3558 6.2998 1.1108
v -0.059 6.1675 1.2867
v -0.4884 6.5532 0.6252
v -0.1377 6.1857 1.2578
v 0.0 6.1614 1.3455
v -0.5059 6.6051 0.5364
v -0.4489 6.4929 0.5913
v -0.4674 6.5281 0.5065
v -0.4069 6.3838 0.5431
v -0.4411 6.4271 0.4679
v -0.4071 6.248 0.4841
v -0.4329 6.2985 0.4171
v -0.431 6.433 0.7762
v -0.4631 6.4903 0.7063
v -0.3857 6.3902 0.7128
v -0.4192 6.434 0.6585
v -0.3416 6.3137 0.6373
v -0.3742 6.3577 0.586
v -0.3353 6.1829 0.5737
v -0.3792 6.2132 0.5413
v -0.4001 6.3906 0.8362
v -0.2934 6.156 0.5989
v 0.0 6.1588 1.2949
v -0.0562 6.1744 1.1324
v -0.1238 6.1969 1.0977
v 0.0 6.1645 1.1405
v -0.3135 6.2867 0.9835
v -0.052 6.1791 1.011
v -0.1103 6.1937 0.9846
v 0.0 6.1687 1.0302
v -0.2707 6.2766 0.8815
v -0.0378 6.1645 0.8488
v -0.0815 6.1726 0.8335
v 0.0 6.1615 0.8517
v -0.2164 6.2046 0.7584
v -0.4881 6.5739 0.3906
v -0.4675 6.478 0.3607
v -0.4483 6.3518 0.3248
v -0.4482 6.1629 0.2527
v -0.4861 6.6045 0.2563
v -0.4668 6.5086 0.234
v -0.4445 6.3874 0.2129
v -0.4614 6.211 0.1545
v -0.4612 6.6199 0.1174
v -0.4501 6.529 0.1027
v -0.4497 6.413 0.084
v -0.459 6.2487 0.0492
v -0.4265 6.63 -0.0071
v -0.4218 6.5468 -0.0134
v -0.4175 6.4332 -0.0252
v -0.4217 6.2819 -0.0458
v -0.3563 6.6424 -0.0856
v -0.3475 6.5616 -0.085
v -0.3433 6.448 -0.0888
v -0.3438 6.2916 -0.1052
v -0.2494 6.6588 -0.1257
v -0.2393 6.5778 -0.1141
v -0.2339 6.4691 -0.1099
v -0.2362 6.3079 -0.1234
v 0.0 6.6897 -0.1335
v 0.0 6.6028 -0.1097
v 0.0 6.4862 -0.0875
v 0.0 6.3199 -0.0989
v -0.702 7.0583 0.7287
v -0.7402 7.5018 0.4165
v -0.5408 8.1168 0.0604
v -0.4443 8.2145 0.0034
v -0.7313 7.7319 0.2937
v -0.6888 7.8574 0.2221
v -0.7329 7.4072 0.4543
v -0.6705 6.8377 0.6827
v -0.7011 7.1751 0.793
v -0.6982 7.0655 0.7778
v -0.6663 6.8461 0.7629
v -0.6964 7.2945 0.8158
v -0.6848 7.4204 0.8579
v -0.7342 7.442 0.5247
v -0.7278 7.3739 0.3993
v -0.7068 7.3033 0.3482
v -0.6488 7.0933 0.34
v -0.666 7.1544 0.332
v -0.6385 8.1058 0.3765
v -0.4362 8.3577 0.3138
v 0.0 8.4777 0.3158
v -0.5444 8.2459 0.343
v 0.0 8.4913 0.6961
v 0.0 8.4104 0.9715
v -0.3856 8.3294 0.924
v -0.5636 6.7716 0.5163
v -0.5103 6.6522 0.4254
v -0.5104 6.698 0.2849
v -0.4767 6.6956 0.1223
v -0.4283 6.6982 -0.0024
v -0.35 6.7098 -0.0919
v -0.2538 6.7217 -0.133
v -0.3553 6.3161 1.156
v -0.4581 6.4145 1.0499
v -0.5005 6.4694 0.9891
v -0.5378 6.5262 0.9089
v -0.5796 6.6127 0.8261
v -0.3415 7.5805 1.4212
v -0.2912 6.4928 1.3829
v -0.2483 6.463 1.4034
v -0.0374 7.0011 1.6434
v -0.2948 6.7418 1.4282
v -0.5352 7.0969 1.2808
v -0.563 7.0636 1.2505
v -0.486 7.1506 1.3137
v -0.5093 7.1826 1.2903
v -0.4706 7.0947 1.3384
v -0.508 7.1263 1.3006
v -0.1678 7.083 1.4551
v -0.411 7.0777 1.387
v -0.1176 7.185 1.4415
v -0.632 6.8146 0.9334
v -0.6072 6.7005 0.6967
v -0.6364 6.7219 0.7674
v -0.2158 6.2152 1.217
v -0.2231 6.2312 1.3031
v -0.4562 6.4483 1.1001
v -0.2907 6.2829 1.2487
v -0.3521 6.3342 1.1948
v -0.1472 6.1926 1.3453
v -0.0649 6.1747 1.3653
v -0.292 6.2577 1.1631
v -0.2224 6.2224 1.2696
v -0.2946 6.2688 1.2118
v -0.2619 6.2578 1.0239
v -0.2275 6.2524 0.9168
v -0.172 6.2211 0.9528
v -0.1967 6.2261 1.0632
v -0.3749 6.3561 0.8903
v -0.6525 6.8231 0.5952
v -0.5637 6.8145 0.4445
v 0.0 6.7598 -0.1515
v -0.6041 7.0198 0.3002
v -0.5529 7.0052 0.1373
v -0.5109 6.9987 0.0314
v -0.4538 7.0034 -0.073
v -0.3779 7.0057 -0.157
v -0.2851 6.9941 -0.2139
v 0.0 6.989 -0.2571
v -0.6253 7.0908 0.2769
v -0.5724 7.1039 0.1115
v -0.5306 7.1107 0.0056
v -0.4702 7.121 -0.101
v -0.3952 7.1288 -0.1905
v -0.3079 7.1256 -0.2593
v 0.0 7.1164 -0.3296
v -0.6503 7.1656 0.2646
v -0.6032 7.2125 0.0747
v -0.5546 7.2321 -0.0295
v -0.491 7.2498 -0.1348
v -0.4148 7.2647 -0.2306
v -0.3265 7.2684 -0.3031
v 0.0 7.2663 -0.3791
v -0.7026 7.3519 0.2862
v -0.6513 7.4431 0.0729
v -0.5991 7.4904 -0.0452
v -0.5283 7.5315 -0.1531
v -0.4468 7.5647 -0.2584
v -0.3544 7.5913 -0.3295
v 0.0 7.6357 -0.391
v -0.729 7.4505 0.3421
v -0.7087 7.6416 0.1815
v -0.6615 7.7449 0.0846
v -0.5987 7.847 -0.0197
v -0.5124 7.9446 -0.1382
v -0.4048 8.011 -0.2012
v 0.0 8.0801 -0.2604
v -0.4128 8.3912 0.6644
v -0.5333 8.2829 0.6464
v -0.5129 8.2441 0.8799
v -0.6467 7.8305 1.0103
v -0.6326 8.142 0.6218
v -0.7073 7.9778 0.5941
v -0.5609 7.9428 1.1079
v -0.7067 7.9505 0.4073
v -0.7443 7.7993 0.4428
v -0.7429 7.5394 0.5052
v -0.4425 8.0225 1.195
v -0.3127 8.0778 1.265
v -0.1595 7.9979 1.3813
v 0.0 8.0143 1.3948
v -0.0616 8.0101 1.3911
v -0.692 7.9616 0.7468
v -0.6182 8.1187 0.8167
v -0.7407 7.8148 0.5784
v -0.7306 7.8074 0.6939
v -0.055 6.166 1.2186
v -0.131 6.1866 1.1871
v 0.0 6.1555 1.2306
v -0.5362 6.7157 0.4753
v -0.2054 6.2166 1.1502
v -0.2808 6.2539 1.1008
v -0.339 6.2914 1.0529
v -0.5406 6.6689 0.5704
v -0.5394 6.6144 0.6584
v -0.5099 6.5342 0.7426
v -0.4398 6.4127 0.8904
v -0.4087 6.371 0.9502
v -0.4738 6.464 0.8222
v -0.5402 6.7637 0.3836
v -0.5853 7.0074 0.2297
v -0.6092 7.0964 0.197
v -0.6409 7.1844 0.1729
v -0.692 7.4 0.1884
v -0.7314 7.5409 0.2698
v -0.7521 7.655 0.4809
v -0.5975 8.0607 0.9572
v -0.6769 7.9237 0.864
v -0.7222 7.7849 0.7886
v -0.4851 8.1678 1.0415
v 0.0 8.2895 1.1671
v -0.0651 8.1239 1.3146
v 0.0 8.1256 1.3205
v -0.3535 8.2339 1.102
v -0.054 6.685 -0.1354
v -0.049 6.6005 -0.1164
v -0.0941 8.2749 1.1621
v -0.1497 8.0686 -0.2535
v -0.126 7.6282 -0.3872
v -0.0559 6.7532 -0.1475
v -0.1519 8.4771 0.6926
v -0.1747 8.4575 0.3073
v -0.1159 7.2609 -0.3713
v -0.102 7.1154 -0.3205
v -0.0762 6.991 -0.2536
v -0.1196 8.3974 0.9698
v -0.0475 6.3253 -0.1061
v -0.0461 6.4865 -0.0951
v -0.3554 6.3525 0.7607
v -0.3297 6.3282 0.8026
v -0.3058 6.271 0.6628
v -0.2751 6.2464 0.6972
v -0.1765 6.1908 0.7831
v -0.1323 6.1799 0.8137
v -0.1479 6.6761 -0.1324
v -0.2386 8.3787 0.9608
v -0.1519 6.7401 -0.1436
v -0.1794 6.9939 -0.2456
v -0.1372 6.477 -0.1098
v -0.2429 7.6127 -0.3705
v -0.2265 7.2627 -0.3541
v -0.209 7.1192 -0.305
v -0.279 8.0499 -0.2402
v -0.3019 8.4243 0.3057
v -0.1387 6.3132 -0.1207
v -0.2708 8.4542 0.6879
v -0.1409 6.5933 -0.118
v -0.2057 8.2615 1.147
v -0.3487 7.3318 1.389
v -0.3114 7.3316 1.3973
v -0.3806 7.3248 1.376
v -0.4067 7.3159 1.3602
v -0.4238 7.3088 1.3476
v -0.4297 7.3006 1.3437
v -0.434 7.2931 1.3409
v -0.435 7.2875 1.3389
v -0.4342 7.283 1.3386
v -0.4316 7.275 1.3412
v -0.4202 7.2676 1.3512
v -0.4009 7.2578 1.3647
v -0.3807 7.2493 1.3752
v -0.3497 7.2428 1.3877
v -0.3109 7.2415 1.3928
v -0.276 7.2442 1.3879
v -0.2438 7.2496 1.38
v -0.2178 7.2571 1.3676
v -0.272 7.3243 1.396
v -0.2353 7.3097 1.3848
v -0.2194 7.2952 1.3751
v -0.2087 7.2812 1.3697
v -0.203 7.2751 1.369
v -0.203 7.2683 1.3675
v -0.2108 7.2625 1.366
v -0.2139 7.2883 1.3724
v -0.3508 7.3255 1.3617
v -0.3141 7.325 1.368
v -0.3846 7.3209 1.3522
v -0.4066 7.317 1.3399
v -0.4217 7.3084 1.3277
v -0.428 7.3019 1.3218
v -0.4322 7.2943 1.3154
v -0.4335 7.2877 1.3109
v -0.4338 7.2816 1.3081
v -0.4347 7.2768 1.3077
v -0.4254 7.2662 1.3187
v -0.4017 7.2566 1.3362
v -0.3807 7.2519 1.3462
v -0.3528 7.2468 1.3554
v -0.3103 7.2467 1.3611
v -0.2774 7.2487 1.3573
v -0.2404 7.2546 1.3471
v -0.2222 7.2575 1.3421
v -0.2706 7.3184 1.3657
v -0.2354 7.3088 1.3574
v -0.2178 7.2988 1.348
v -0.2096 7.2827 1.3462
v -0.2048 7.2754 1.3457
v -0.2036 7.2715 1.3456
v -0.2081 7.265 1.3445
v -0.2146 7.2904 1.3461
v -0.3512 7.3748 1.3641
v -0.3087 7.3751 1.371
v -0.3865 7.3654 1.3528
v -0.4121 7.3522 1.3403
v -0.4298 7.3367 1.329
v -0.4407 7.3218 1.3209
v -0.4476 7.3071 1.3146
v -0.4513 7.2931 1.3105
v -0.4524 7.2794 1.3089
v -0.451 7.2665 1.31
v -0.4383 7.2406 1.3229
v -0.42 7.222 1.337
v -0.3939 7.205 1.3506
v -0.3555 7.1918 1.3629
v -0.3018 7.1882 1.3688
v -0.2597 7.1949 1.3643
v -0.2294 7.2057 1.3554
v -0.1983 7.2262 1.3405
v -0.2632 7.364 1.3704
v -0.2253 7.3443 1.362
v -0.2005 7.3228 1.3508
v -0.1794 7.2874 1.3326
v -0.1765 7.2731 1.3271
v -0.1776 7.2597 1.3273
v -0.1838 7.2438 1.3313
v -0.1867 7.3036 1.3411
v -0.3512 7.4102 1.3266
v -0.3044 7.4128 1.3329
v -0.3895 7.3968 1.3171
v -0.418 7.378 1.3066
v -0.4377 7.3573 1.2966
v -0.4504 7.337 1.2885
v -0.4582 7.3174 1.2822
v -0.4623 7.2984 1.278
v -0.4634 7.2793 1.2764
v -0.4617 7.2611 1.2775
v -0.4495 7.2261 1.2875
v -0.4325 7.2013 1.2981
v -0.4042 7.1763 1.31
v -0.3603 7.156 1.3217
v -0.3007 7.1498 1.3276
v -0.2524 7.16 1.3247
v -0.2209 7.1755 1.3185
v -0.1864 7.2069 1.3081
v -0.2545 7.4005 1.3335
v -0.2124 7.375 1.3279
v -0.1849 7.3449 1.3192
v -0.164 7.2937 1.3074
v -0.1625 7.2735 1.3056
v -0.1645 7.254 1.3036
v -0.1717 7.2316 1.3033
v -0.1703 7.3172 1.3112
v -0.3484 7.4299 1.2864
v -0.3004 7.4336 1.2908
v -0.3879 7.4151 1.2797
v -0.4177 7.3942 1.2718
v -0.4388 7.371 1.2639
v -0.4527 7.3476 1.257
v -0.4614 7.3248 1.2513
v -0.466 7.3021 1.2474
v -0.4672 7.2793 1.2456
v -0.4652 7.2575 1.2459
v -0.4528 7.2176 1.252
v -0.436 7.19 1.259
v -0.4069 7.1613 1.2678
v -0.3611 7.1375 1.2768
v -0.2991 7.1301 1.2827
v -0.2495 7.1417 1.2827
v -0.2176 7.159 1.2801
v -0.1809 7.1953 1.2753
v -0.2496 7.4215 1.2916
v -0.206 7.3944 1.2887
v -0.1768 7.3603 1.2838
v -0.1547 7.2993 1.2757
v -0.1536 7.2749 1.2735
v -0.1564 7.2515 1.2725
v -0.1647 7.2245 1.2732
v -0.1612 7.3275 1.2792
v -0.3444 7.437 1.2547
v -0.2975 7.4404 1.2575
v -0.3837 7.4225 1.25
v -0.4139 7.4016 1.2443
v -0.4357 7.3779 1.2382
v -0.4505 7.3534 1.2326
v -0.4598 7.329 1.2278
v -0.4648 7.3044 1.2243
v -0.466 7.2795 1.2223
v -0.4637 7.2561 1.2219
v -0.4508 7.2147 1.2251
v -0.434 7.1866 1.2293
v -0.405 7.1572 1.2352
v -0.3592 7.1327 1.2419
v -0.2976 7.125 1.2478
v -0.2489 7.1364 1.2502
v -0.2176 7.1535 1.2503
v -0.1801 7.1906 1.2494
v -0.2482 7.4286 1.2583
v -0.2055 7.4024 1.2571
v -0.1758 7.3684 1.2551
v -0.1518 7.3037 1.2515
v -0.1505 7.2769 1.2503
v -0.1536 7.2511 1.2495
v -0.1627 7.2217 1.2492
v -0.1591 7.3342 1.2531
v -0.3403 7.4379 1.23
v -0.1505 7.2794 1.2317
v -0.3788 7.4244 1.2269
v -0.1779 7.3721 1.2326
v -0.4312 7.3809 1.2183
v -0.4465 7.3563 1.214
v -0.4616 7.3061 1.2068
v -0.4628 7.2804 1.2047
v -0.2484 7.1373 1.2256
v -0.4472 7.2153 1.2048
v -0.4305 7.1877 1.2068
v -0.4017 7.1585 1.2103
v -0.3563 7.1342 1.2152
v -0.2959 7.1263 1.2212
v -0.4603 7.2565 1.2039
v -0.218 7.1537 1.2277
v -0.1807 7.1903 1.2291
v -0.4563 7.3314 1.2101
v -0.2073 7.4045 1.2328
v -0.2481 7.4292 1.2327
v -0.409 7.4043 1.2228
v -0.1524 7.3074 1.2321
v -0.2951 7.4406 1.2319
v -0.1536 7.2523 1.2311
v -0.1629 7.2219 1.23
v -0.1605 7.3385 1.2324
v -0.3362 7.4354 1.2077
v -0.1527 7.2822 1.214
v -0.3733 7.4232 1.2057
v -0.1819 7.3733 1.212
v -0.4254 7.3817 1.1998
v -0.4411 7.3577 1.1967
v -0.4566 7.3079 1.1905
v -0.4579 7.2821 1.1881
v -0.248 7.1419 1.2028
v -0.4422 7.2184 1.186
v -0.4256 7.1916 1.186
v -0.3971 7.1631 1.1875
v -0.3526 7.1395 1.1909
v -0.294 7.1317 1.1969
v -0.4554 7.2583 1.187
v -0.2186 7.1574 1.2067
v -0.1823 7.1928 1.21
v -0.4511 7.3332 1.1935
v -0.2102 7.4033 1.211
v -0.2488 7.4262 1.2097
v -0.403 7.4044 1.2029
v -0.1552 7.3105 1.2136
v -0.2931 7.4373 1.2087
v -0.1553 7.2548 1.2134
v -0.1645 7.2244 1.2117
v -0.1642 7.3413 1.2128
v -0.332 7.429 1.1846
v -0.1578 7.2851 1.1935
v -0.3666 7.4185 1.1834
v -0.1883 7.372 1.1898
v -0.4173 7.3801 1.1792
v -0.433 7.3573 1.1774
v -0.4483 7.3098 1.1717
v -0.4495 7.2845 1.1691
v -0.2488 7.1508 1.1782
v -0.4343 7.2238 1.1654
v -0.4178 7.1986 1.1637
v -0.3899 7.1715 1.1637
v -0.3477 7.1495 1.1659
v -0.2927 7.1419 1.1714
v -0.4472 7.2614 1.1679
v -0.2207 7.1648 1.1835
v -0.1859 7.1983 1.1882
v -0.443 7.3341 1.1749
v -0.2148 7.3988 1.188
v -0.2506 7.4194 1.1859
v -0.395 7.4014 1.1813
v -0.1611 7.3126 1.1924
v -0.2919 7.4299 1.1848
v -0.1599 7.2586 1.1929
v -0.1688 7.2291 1.1905
v -0.1708 7.3423 1.191
v -0.3278 7.4157 1.1573
v -0.1699 7.288 1.1655
v -0.358 7.4072 1.1566
v -0.2004 7.3665 1.1618
v -0.4042 7.3734 1.1534
v -0.4192 7.3533 1.1525
v -0.4329 7.3104 1.1473
v -0.4339 7.287 1.1448
v -0.2537 7.1668 1.1491
v -0.4199 7.2324 1.1408
v -0.4041 7.2103 1.1382
v -0.3784 7.1864 1.1373
v -0.3412 7.1672 1.1387
v -0.2931 7.1602 1.1428
v -0.432 7.2658 1.1438
v -0.2277 7.1783 1.1548
v -0.1958 7.2083 1.1595
v -0.4284 7.3326 1.1505
v -0.2241 7.3892 1.1601
v -0.2558 7.4065 1.1577
v -0.3834 7.3924 1.1548
v -0.174 7.3133 1.1641
v -0.2925 7.4158 1.1569
v -0.1715 7.2638 1.1649
v -0.1799 7.2367 1.162
v -0.184 7.3404 1.1626
v -0.3378 7.2421 1.0915
v -0.3306 7.2311 1.0938
v -0.3237 7.2209 1.0968
v -0.3037 7.2178 1.0975
v -0.3452 7.2735 1.088
v -0.2869 7.2318 1.0935
v -0.2758 7.2491 1.0906
v -0.3431 7.3156 1.0906
v -0.2835 7.3492 1.1001
v -0.2934 7.3575 1.1028
v -0.3289 7.35 1.0997
v -0.2654 7.3101 1.0918
v -0.3025 7.3647 1.1062
v -0.2638 7.2802 1.0899
v -0.2684 7.2645 1.0897
v -0.2699 7.325 1.0941
v -0.3455 7.2619 1.0892
v -0.2816 7.2391 1.092
v -0.2344 7.2114 1.1216
v -0.3983 7.2578 1.1136
v -0.2137 7.3333 1.1254
v -0.2091 7.2488 1.1234
v -0.2016 7.2709 1.1257
v -0.2965 7.3902 1.1257
v -0.2047 7.3115 1.1257
v -0.3634 7.3726 1.1231
v -0.2694 7.3828 1.1252
v -0.2454 7.3704 1.1258
v -0.3989 7.3257 1.1187
v -0.2221 7.2258 1.1221
v -0.2475 7.2023 1.12
v -0.4014 7.2713 1.1138
v -0.2971 7.19 1.1141
v -0.3329 7.1955 1.1119
v -0.3595 7.2101 1.1106
v -0.379 7.2281 1.1108
v -0.3918 7.2447 1.1125
v -0.2679 7.1944 1.117
v -0.4026 7.2886 1.1143
v -0.402 7.3077 1.1162
v -0.2498 6.2246 0.7236
v -0.3036 6.3007 0.8416
v -0.3488 6.3212 0.9364
v -0.377 6.3338 1.0023
v -0.4025 6.3443 1.0562
v -0.4109 6.3639 1.1033
v -0.4049 6.3886 1.145
v -0.3194 6.522 1.3701
v -0.2894 6.5526 1.3961
v -0.2795 6.5647 1.4033
v -0.2562 6.5891 1.4165
v -0.2496 6.5956 1.4174
v -0.2454 6.6 1.4194
v -0.2415 6.6034 1.421
v -0.2388 6.606 1.4176
v -0.2367 6.6081 1.4095
v -0.2377 6.6099 1.3942
v -0.2445 6.6105 1.3726
v -0.2427 6.6035 1.3585
v -0.2448 6.5925 1.3487
v -0.2472 6.586 1.3389
v -0.2552 6.5757 1.3164
v -0.2784 6.5716 1.2669
v -0.2994 6.574 1.1638
v -0.3297 6.5818 1.0091
v -0.3158 6.5835 0.8143
v -0.2617 6.5846 0.5995
v -0.1892 6.5904 0.5667
v -0.1975 6.659 0.5647
v -0.289 6.7401 0.641
v -0.3234 6.8108 0.8164
v -0.3235 6.8444 1.0174
v -0.281 6.8139 1.1934
v -0.2594 6.771 1.2986
v -0.2366 6.7272 1.3501
v -0.2286 6.6922 1.3681
v -0.2274 6.6633 1.375
v -0.2282 6.6356 1.3793
v -0.2304 6.6217 1.3957
v -0.2315 6.6155 1.4109
v -0.2351 6.612 1.4214
v -0.2399 6.6112 1.4263
v -0.2443 6.6116 1.4273
v -0.249 6.6119 1.4262
v -0.2575 6.6136 1.4252
v -0.2652 6.6148 1.422
v -0.2863 6.6273 1.4142
v -0.2997 6.6336 1.4075
v -0.6472 7.282 1.0577
v -0.6302 7.3541 1.0902
v -0.6054 7.424 1.1442
v -0.5714 7.4875 1.2133
v -0.5148 7.5462 1.2847
v -0.4384 7.5899 1.3549
v -0.3462 7.6214 1.4155
v -0.2505 7.6438 1.4644
v -0.1546 7.6553 1.5029
v -0.061 7.6578 1.5214
v 0.0 7.6611 1.5263
v -0.3096 7.3374 1.4127
v -0.3473 7.3383 1.4077
v -0.3824 7.3332 1.4005
v -0.4103 7.3242 1.3889
v -0.4295 7.3143 1.3781
v -0.4392 7.305 1.369
v -0.4438 7.2978 1.3612
v -0.4448 7.2899 1.355
v -0.4428 7.2826 1.3539
v -0.4388 7.2753 1.3548
v -0.425 7.2618 1.3647
v -0.4106 7.2512 1.3741
v -0.3905 7.2421 1.3858
v -0.3522 7.235 1.4001
v -0.3109 7.2338 1.4028
v -0.2738 7.2367 1.3983
v -0.2382 7.2423 1.392
v -0.2012 7.2507 1.3821
v -0.2701 7.3295 1.4076
v -0.2333 7.3164 1.3977
v -0.2067 7.3004 1.3967
v -0.1789 7.2826 1.3975
v -0.1717 7.2759 1.3885
v -0.1704 7.2676 1.3822
v -0.1756 7.2598 1.3816
v -0.1899 7.29 1.3965
v -0.1553 7.2505 1.3949
v -0.2217 7.3393 1.4072
v -0.1902 7.319 1.4045
v -0.3916 7.358 1.3859
v -0.4544 7.3279 1.3543
v -0.4678 7.3139 1.3414
v -0.4733 7.3013 1.3316
v -0.4747 7.2892 1.3264
v -0.4741 7.2764 1.3251
v -0.4529 7.2326 1.3344
v -0.4701 7.2621 1.3223
v -0.3642 7.1937 1.3842
v -0.4037 7.2032 1.3657
v -0.3178 7.192 1.3967
v -0.2672 7.1966 1.398
v -0.1764 7.2308 1.3853
v -0.2245 7.2075 1.3934
v -0.433 7.217 1.3521
v -0.1718 7.3036 1.4033
v -0.152 7.2646 1.4022
v -0.1606 7.2896 1.404
v -0.1542 7.2773 1.4045
v -0.2627 7.3555 1.4077
v -0.3499 7.3652 1.402
v -0.3073 7.3643 1.4084
v -0.4284 7.3444 1.3712
v -0.3489 6.9519 1.4254
v -0.0949 6.9435 1.6321
v -0.1729 6.8944 1.489
v -0.0334 6.9424 1.6716
v -0.0648 6.944 1.6586
v 0.0 6.9385 1.6798
v -0.1619 6.919 1.5348
v -0.1713 6.9033 1.509
v -0.1216 6.9403 1.6052
v -0.2136 7.0547 1.4478
v -0.283 7.0134 1.4491
v -0.334 7.0395 1.4313
v -0.2425 7.0794 1.4417
v -0.0347 7.141 1.5487
v 0.0 7.1485 1.5617
v -0.0643 7.1268 1.5321
v -0.4973 6.9449 1.317
v -0.5497 6.9821 1.2637
v -0.2374 6.9129 1.4551
v -0.2744 6.858 1.4431
v -0.171 6.9319 1.4881
v -0.0674 6.9975 1.628
v -0.0185 6.7749 1.565
v 0.0 6.7716 1.5585
v -0.0889 6.7863 1.5351
v -0.0374 6.7794 1.5593
v -0.2282 6.8445 1.4587
v -0.4518 7.2551 1.3376
v -0.4406 7.2629 1.3495
v -0.4295 7.2712 1.3613
v -0.212 7.2385 1.3875
v -0.2218 7.252 1.3842
v -0.2067 7.2296 1.3879
v -0.1851 7.2042 1.3889
v -0.4784 7.2394 1.3125
v -0.1743 7.1878 1.407
v -0.4995 7.2271 1.2985
v -0.1819 7.1079 1.4383
v -0.5467 7.1934 1.252
v -0.1362 7.004 1.5085
v -0.5763 7.1741 1.225
v -0.105 7.1691 1.4622
v -0.6007 7.1524 1.1912
v -0.6796 6.9961 0.8807
v -0.1397 6.9866 1.5353
v -0.1419 6.9689 1.5522
v -0.1418 6.9154 1.5735
v -0.1446 6.9513 1.5632
v -0.6924 6.9527 0.7108
v -0.6871 6.9589 0.7678
v -0.5223 7.2117 1.2758
v -0.1403 7.1364 1.4467
v -0.4267 7.2712 1.3461
v -0.227 7.2537 1.3727
v -0.43 7.2715 1.3132
v -0.2293 7.256 1.3435
v -0.4466 7.2544 1.3149
v -0.2123 7.2149 1.3478
v -0.4576 7.2448 1.281
v -0.2021 7.1897 1.3131
v -0.4608 7.2386 1.248
v -0.198 7.1752 1.2775
v -0.459 7.2362 1.2229
v -0.198 7.1698 1.2499
v -0.4555 7.2365 1.204
v -0.1987 7.1696 1.2286
v -0.4505 7.2388 1.1864
v -0.1999 7.1726 1.2087
v -0.4425 7.243 1.1669
v -0.2028 7.1788 1.1864
v -0.4278 7.2493 1.1429
v -0.2112 7.1904 1.158
v -0.3917 7.3422 1.1205
v -0.3796 7.358 1.1216
v -0.2269 7.3536 1.1259
v -0.3447 7.384 1.1251
v -0.2005 7.2908 1.1264
v -0.3232 7.3906 1.1264
v -0.4331 7.2685 1.3583
v -0.2179 7.2467 1.3863
v -0.4639 7.2475 1.3245
v -0.1971 7.218 1.3871
v -0.1466 6.9329 1.5668
v -0.1618 7.1705 1.4211
v -0.4689 6.9935 1.3472
v 0.0 7.0029 1.6522
v -0.1222 6.7908 1.5171
v -0.1857 6.8348 1.4708
v -0.164 6.8001 1.4923
v -0.0604 6.7836 1.5474
v -0.1757 6.8899 1.4694
v -0.3642 6.702 1.3771
v -0.3392 6.7543 1.4028
v -0.3301 6.5598 1.3716
v -0.3328 6.599 1.3782
v -0.3221 6.6394 1.3931
v -0.3005 6.6785 1.4164
v -0.2012 6.8982 1.4623
v -0.2881 6.9327 1.4479
v -0.3255 6.8759 1.4218
v -0.3253 6.6909 1.3973
v -0.3851 6.8959 1.3979
v -0.5396 6.8469 1.2375
v -0.5819 6.8923 1.1801
v -0.5503 6.7903 1.1837
v -0.5905 6.8425 1.1234
v -0.35 6.6443 1.3741
v -0.3607 6.5936 1.3544
v -0.0676 6.3331 1.4894
v -0.1362 6.3502 1.4619
v -0.199 6.3798 1.4203
v -0.258 6.4162 1.3825
v -0.3074 6.4555 1.3526
v 0.0 6.3268 1.499
v -0.3371 6.497 1.3416
v -0.3541 6.5439 1.3431
v -0.2806 6.3387 1.3327
v -0.2198 6.2877 1.3779
v -0.1512 6.2503 1.4211
v -0.0759 6.2327 1.4424
v -0.4012 6.5127 1.2651
v -0.3717 6.4489 1.269
v 0.0 6.2267 1.4548
v -0.3314 6.3918 1.2939
v -0.4203 6.6518 1.3134
v -0.4183 6.5831 1.2828
v -0.5853 7.0256 1.2159
v -0.6157 6.9493 1.1288
v -0.6238 6.9059 1.0719
v -0.6094 7.0755 1.1765
v -0.6369 7.0106 1.0872
v -0.6478 6.9751 1.0308
v -0.6221 7.1277 1.15
v -0.6486 7.0748 1.0587
v -0.6606 7.048 1.0028
v -0.6248 7.1799 1.1372
v -0.6539 7.1417 1.0447
v -0.6664 7.1234 0.9892
v -0.6232 7.2322 1.1362
v -0.6545 7.2113 1.045
v -0.6684 7.2016 0.9904
v -0.3674 7.722 1.387
v -0.5518 7.6212 1.2279
v 0.0 7.7705 1.4976
v -0.0605 7.7675 1.4941
v -0.16 7.7672 1.4763
v -0.6757 7.2836 0.9518
v -0.2608 7.7507 1.4389
v -0.4688 7.6793 1.3165
v -0.6595 7.3793 0.9949
v -0.6371 7.4697 1.0536
v -0.6063 7.5489 1.1373
v -0.6788 7.105 0.9307
v -0.6824 7.1932 0.9359
v -0.6718 7.0209 0.9421
v -0.6586 6.9395 0.9698
v -0.6306 6.8612 1.0068
v -0.5974 6.7871 1.0551
v -0.3877 6.5884 1.3243
v -0.5558 6.7241 1.1216
v -0.2546 7.1251 1.4238
v -0.2703 6.3698 1.3583
v 0.0 6.2711 1.4828
v -0.3779 6.5276 1.3063
v -0.21 6.3279 1.4032
v -0.0721 6.2773 1.4686
v -0.1467 6.2933 1.4487
v -0.3546 6.4719 1.3073
v -0.3184 6.4208 1.3262
v -0.3827 6.6489 1.3511
v -0.3236 7.1121 1.4116
v -0.0717 6.2082 1.4229
v -0.1506 6.2287 1.3991
v -0.2197 6.265 1.3568
v -0.2822 6.316 1.3088
v -0.342 6.3682 1.2606
v 0.0 6.2006 1.4344
v -0.388 6.4286 1.2295
v -0.4247 6.4983 1.2166
v -0.4555 6.5769 1.2187
v -0.513 7.7996 1.2336
v -0.5977 7.7181 1.1338
v -0.3979 7.8535 1.3143
v -0.2794 7.8928 1.3867
v -0.6637 7.519 0.9597
v -0.6439 7.6209 1.0421
v -0.6944 7.0747 0.831
v -0.6963 7.1793 0.8429
v -0.6875 7.2891 0.8658
v -0.6656 6.8737 0.831
v -0.6759 7.4083 0.8958
v -0.5537 6.5792 0.9688
v -0.5981 6.6629 0.8951
v -0.6339 6.7604 0.8453
v 0.0 7.9191 1.4454
v -0.0627 7.9172 1.4416
v -0.1569 7.9109 1.429
v -0.6824 6.973 0.8292
v -0.1339 7.1981 1.4261
v -0.1969 7.1465 1.4224
v -0.327 7.0815 1.42
v -0.2384 6.9838 1.455
v -0.1908 7.023 1.4578
v -0.1416 7.0264 1.4881
v -0.1531 7.0535 1.47
v -0.1171 7.0511 1.514
v -0.1227 7.0806 1.4911
v -0.0919 7.0715 1.5384
v -0.0942 7.1055 1.5132
v -0.2657 6.7257 1.4455
v -0.4284 7.5534 1.3656
v -0.5016 7.5142 1.3026
v -0.5562 7.4629 1.2394
v -0.5906 7.4069 1.1789
v -0.6143 7.3462 1.132
v -0.6313 7.284 1.1039
v -0.1529 7.605 1.5063
v 0.0 6.8467 -0.1843
v -0.0601 6.8474 -0.1831
v -0.1596 6.8457 -0.1787
v -0.2663 6.8354 -0.1629
v -0.3585 6.8314 -0.1106
v -0.4374 6.8259 -0.0366
v -0.491 6.8269 0.0789
v -0.5313 6.837 0.2001
v -0.5565 6.8685 0.2919
v -0.5737 6.9028 0.3597
v -0.5715 6.8531 0.3925
v -0.5466 6.8114 0.3331
v -0.4852 6.7613 0.1028
v -0.4363 6.7613 -0.0135
v -0.3541 6.768 -0.0985
v -0.2592 6.7787 -0.1467
v -0.1566 6.7957 -0.1603
v -0.0579 6.8029 -0.1661
v 0.0 6.8046 -0.1684
v -0.519 6.7708 0.2394
v -0.3904 6.768 1.3746
v -0.4396 6.7861 1.339
v -0.4105 6.7113 1.3456
v -0.4561 6.726 1.3001
v -0.4627 6.6568 1.2581
v -0.0671 6.186 1.3931
v -0.1479 6.2047 1.3714
v -0.2223 6.2432 1.3276
v -0.2882 6.2966 1.276
v -0.3489 6.3506 1.2285
v 0.0 6.1769 1.403
v -0.3992 6.4105 1.1874
v -0.4451 6.482 1.1575
v -0.4984 6.5782 1.1305
v -0.5072 6.6769 1.1904
v -0.5038 6.7494 1.2464
v -0.4929 6.8105 1.2936
v -0.2505 7.1026 1.4335
v -0.4415 6.9187 1.3619
v -0.4001 6.9741 1.3914
v -0.1922 7.1282 1.4315
v -0.1505 7.1544 1.4326
v -0.3434 7.2524 1.0903
v -0.2947 7.2247 1.0952
v -0.3446 7.2873 1.0876
v -0.3441 7.3018 1.0885
v -0.3403 7.3284 1.0933
v -0.3352 7.3399 1.0963
v -0.2757 7.3384 1.0971
v -0.3228 7.3581 1.103
v -0.263 7.2951 1.0906
v -0.3174 7.3651 1.1066
v -0.2474 7.5971 1.4697
v -0.0625 7.6057 1.5264
v 0.0 7.6081 1.5311
v -0.2605 6.7911 1.4444
v -0.309 6.805 1.4232
v -0.5174 6.8972 1.2747
v -0.5673 6.9391 1.2261
v -0.6047 6.9888 1.1778
v -0.6255 7.0434 1.1377
v -0.6351 7.1014 1.1077
v -0.6387 7.1609 1.0956
v -0.6383 7.2218 1.0939
v -0.2297 6.7759 1.4643
v -0.4158 6.8411 1.3714
v -0.3629 6.8226 1.4008
v -0.4691 6.8653 1.3304
v -0.1018 6.7424 1.5479
v -0.1311 6.4969 1.4946
v -0.0536 6.4841 1.5131
v 0.0 6.4872 1.5161
v -0.2614 6.5832 1.4147
v -0.2715 6.6198 1.4203
v -0.1731 6.7153 1.5094
v -0.1678 6.7546 1.5023
v 0.0 6.7502 1.5635
v -0.0185 6.7535 1.5689
v -0.0409 6.7588 1.5645
v -0.0667 6.7636 1.553
v -0.095 6.7665 1.538
v -0.0928 6.8064 1.4486
v -0.0922 6.7507 1.4718
v -0.0963 6.7072 1.4758
v -0.1004 6.6617 1.4764
v -0.1453 6.6894 1.5479
v -0.1424 6.6786 1.5485
v -0.134 6.6383 1.5383
v -0.1438 6.7052 1.5442
v -0.148 6.941 0.8298
v -0.1556 6.9802 1.0279
v -0.1108 6.9531 1.2282
v -0.1008 6.8816 1.3669
v -0.1085 6.629 1.4911
v -0.1094 6.6193 1.5003
v -0.1381 6.6581 1.5424
v -0.1288 6.6148 1.5361
v -0.1291 6.7639 1.5213
v -0.1358 6.734 1.528
v -0.0904 6.688 0.5716
v -0.1199 6.8306 0.6701
v -0.6387 7.9999 0.1434
v 0.0 8.3209 -0.0432
v -0.7466 7.6047 0.3576
v -0.1696 8.2975 -0.045
v -0.3043 8.2673 -0.0299
v -0.7194 7.341 0.3701
v -0.379 7.7872 -0.2993
v -0.4796 7.7443 -0.2261
v -0.6808 7.5439 0.1073
v -0.7175 7.408 0.3081
v -0.5616 7.6829 -0.1067
v -0.6301 7.6164 0.0013
v 0.0 7.8499 -0.3605
v -0.7104 7.472 0.2224
v -0.1389 7.8254 -0.3578
v -0.2621 7.813 -0.3436
v -0.6917 7.2526 0.3318
v -0.6288 7.3377 0.0561
v -0.6826 7.2912 0.2601
v -0.4284 7.4129 -0.2642
v -0.5082 7.3928 -0.1662
v -0.5759 7.3667 -0.0559
v 0.0 7.442 -0.3916
v -0.336 7.4254 -0.3279
v -0.6705 7.3175 0.1632
v -0.1142 7.4354 -0.3882
v -0.2278 7.4298 -0.3715
v -0.6951 7.5771 0.8545
v -0.749 7.6713 0.5736
v -0.7399 7.6635 0.661
v -0.7274 7.6428 0.7364
v -0.6984 7.4427 0.807
v -0.74 7.5479 0.5746
v -0.7343 7.5406 0.6403
v -0.7213 7.5164 0.7061
v -0.7048 7.2982 0.7574
v -0.7322 7.4481 0.577
v -0.7281 7.4384 0.6269
v -0.7192 7.4112 0.6785
v -0.6226 6.8372 0.5262
v -0.6058 6.8684 0.4731
v -0.6328 7.036 0.3577
v -0.6108 6.9378 0.4058
v -0.6042 6.8973 0.439
v -0.7037 7.1669 0.7447
v -0.7092 7.0446 0.6429
v -0.8224 7.3475 0.4834
v -0.7204 6.9045 0.6128
v -0.7852 7.3438 0.5481
v -0.8506 7.3134 0.4059
v -0.8566 7.2535 0.3663
v -0.8109 7.102 0.3558
v -0.8355 7.1602 0.3442
v -0.7442 6.8525 0.5724
v -0.7084 6.9745 0.6333
v -0.8565 7.2842 0.3853
v -0.8531 7.216 0.354
v -0.7141 7.1672 0.6576
v -0.7514 7.3221 0.5774
v -0.7275 7.2882 0.6077
v -0.7227 7.2537 0.6335
v -0.7492 6.8572 0.5198
v -0.7432 6.8798 0.486
v -0.7827 7.0454 0.3707
v -0.7617 6.9666 0.4108
v -0.7495 6.9175 0.4435
v -0.7123 7.1093 0.654
v -0.7296 7.0492 0.6189
v -0.842 7.3293 0.483
v -0.726 6.9307 0.5986
v -0.805 7.3232 0.5506
v -0.8719 7.3089 0.421
v -0.8793 7.2405 0.3754
v -0.8334 7.1048 0.36
v -0.8535 7.157 0.3544
v -0.7381 6.8988 0.567
v -0.7316 6.9908 0.617
v -0.8789 7.2699 0.3923
v -0.8725 7.2053 0.3646
v -0.7213 7.1519 0.6305
v -0.7783 7.3061 0.5789
v -0.7562 7.2641 0.602
v -0.7397 7.2332 0.6156
v -0.7512 6.8967 0.529
v -0.7565 6.9091 0.4903
v -0.814 7.0583 0.3729
v -0.7891 6.9884 0.4143
v -0.7671 6.9346 0.4569
v -0.7199 7.1027 0.6275
v -0.7468 7.0476 0.6024
v -0.8365 7.3162 0.4832
v -0.7284 6.9529 0.5871
v -0.8089 7.3035 0.5521
v -0.8666 7.2959 0.431
v -0.8691 7.23 0.3885
v -0.8401 7.0993 0.3735
v -0.8577 7.1536 0.3749
v -0.7385 6.927 0.56
v -0.741 7.0062 0.5986
v -0.8744 7.2613 0.4019
v -0.8637 7.1937 0.3785
v -0.729 7.141 0.6129
v -0.7818 7.2788 0.5755
v -0.7606 7.2472 0.5938
v -0.7484 7.2172 0.606
v -0.7477 6.9204 0.5276
v -0.7591 6.9293 0.4949
v -0.8208 7.0695 0.3863
v -0.7939 7.0035 0.4252
v -0.7732 6.955 0.4626
v -0.728 7.0973 0.609
v -0.7178 7.0609 0.582
v -0.8126 7.2892 0.4833
v -0.6874 6.9946 0.5713
v -0.7712 7.285 0.5345
v -0.8234 7.279 0.444
v -0.8403 7.2183 0.4067
v -0.8178 7.0964 0.4059
v -0.8285 7.141 0.3996
v -0.7386 6.9659 0.5504
v -0.6989 7.0263 0.5791
v -0.8597 7.2517 0.4219
v -0.8415 7.1845 0.4009
v -0.736 7.1289 0.5941
v -0.7557 7.2667 0.5525
v -0.7466 7.2256 0.5753
v -0.7425 7.1956 0.5865
v -0.7472 6.9595 0.5255
v -0.7587 6.9684 0.4991
v -0.8042 7.0771 0.4098
v -0.7851 7.0278 0.4405
v -0.7709 6.9832 0.4736
v -0.7257 7.0947 0.5897
v -0.6865 7.0837 0.5632
v -0.7933 7.2306 0.4978
v -0.6872 7.052 0.5323
v -0.7588 7.2327 0.5225
v -0.8197 7.2219 0.481
v -0.8354 7.1962 0.4529
v -0.8154 7.1153 0.4351
v -0.8254 7.1361 0.4361
v -0.7013 7.0358 0.5178
v -0.6811 7.0668 0.5501
v -0.8301 7.2119 0.4665
v -0.8358 7.1702 0.443
v -0.7324 7.1199 0.5738
v -0.7414 7.2236 0.5432
v -0.7406 7.1965 0.5554
v -0.7344 7.1664 0.5626
v -0.7256 7.026 0.5066
v -0.7676 7.022 0.4964
v -0.8096 7.0946 0.4406
v -0.7899 7.0508 0.4655
v -0.7794 7.0301 0.4828
v -0.7109 7.1001 0.5688
v -0.7439 7.1263 0.5534
v -0.78 7.0944 0.4614
v -0.7909 7.0833 0.4564
v -0.7399 7.1341 0.5631
v -0.7093 7.1014 0.5558
v -0.7651 7.0497 0.4784
v -0.7757 7.0653 0.4637
v -0.7995 7.1019 0.45
v -0.74 7.044 0.4857
v -0.7142 7.0478 0.4924
v -0.7334 7.1519 0.553
v -0.7332 7.1734 0.5431
v -0.7563 7.1975 0.5378
v -0.7314 7.1159 0.5646
v -0.823 7.1639 0.4564
v -0.8162 7.191 0.4765
v -0.6922 7.0764 0.5351
v -0.7053 7.0541 0.5089
v -0.8152 7.136 0.449
v -0.8087 7.1191 0.4487
v -0.8215 7.1807 0.4659
v -0.8083 7.1983 0.4896
v 0.0 6.8981 -0.2041
v -0.064 6.9013 -0.2039
v -0.1627 6.9047 -0.2003
v -0.2706 6.9041 -0.1804
v -0.5759 8.0001 1.0417
v -0.4583 8.0922 1.1298
v -0.3646 6.9074 -0.1303
v -0.6613 7.8798 0.9444
v -0.7051 7.7485 0.8607
v -0.4432 6.9044 -0.0508
v 0.0 8.2119 1.2542
v -0.3301 8.1536 1.1938
v -0.0796 8.2067 1.2477
v -0.4987 6.9081 0.0566
v -0.5698 6.9348 0.2576
v -0.5867 6.9589 0.3259
v -0.1848 8.1866 1.2343
v -0.5392 6.9134 0.174
v -0.7131 7.6112 0.7985
v -0.7095 7.4826 0.7575
v -0.7108 7.3681 0.7193
v -0.6216 6.9859 0.3787
v -0.7169 7.2151 0.6499
v -0.7722 7.006 0.3907
v -0.7281 7.1954 0.6272
v -0.8015 7.0233 0.3936
v -0.7368 7.181 0.6126
v -0.8062 7.0324 0.4077
v -0.742 7.1631 0.5938
v -0.7945 7.0498 0.4254
v -0.7398 7.1428 0.5717
v -0.8001 7.0729 0.4509
v -0.7807 7.2063 0.5254
v -0.696 7.0637 0.5226
v -0.7986 7.2026 0.5045
v -0.6926 7.0893 0.5454
v -0.7695 7.2617 0.5278
v -0.7137 7.0979 0.5786
v -0.6851 7.0758 0.5748
v -0.7903 7.0381 0.4579
v -0.7744 7.0025 0.4791
v -0.7417 7.208 0.562
v -0.7544 7.2478 0.5444
v -0.675 7.0536 0.5631
v -0.8396 7.2103 0.4326
v -0.8434 7.1786 0.4207
v -0.7491 6.9949 0.5247
v -0.717 7.0067 0.5361
v -0.7334 7.1229 0.5816
v -0.7356 7.1785 0.5709
v -0.8316 7.2376 0.4478
v -0.8259 7.2495 0.4673
v -0.8172 7.1095 0.4185
v -0.8243 7.1357 0.4157
v -0.8114 7.0876 0.423
v -0.7661 6.9928 0.5012
v -0.6816 7.0303 0.5493
v -0.8125 7.2614 0.4902
v -0.7401 7.1504 0.5795
v -0.8016 7.0631 0.4412
v -0.7615 7.0775 0.4786
v -0.7249 7.0971 0.53
v -0.7495 7.1281 0.533
v -0.7266 7.1375 0.5211
v -0.783 7.1805 0.4906
v -0.7717 6.9758 0.4699
v -0.7306 7.0954 0.5963
v -0.8104 7.3009 0.4833
v -0.7394 7.1695 0.5242
v -0.7333 7.1101 0.5545
v -0.8652 7.2552 0.4143
v -0.7474 7.205 0.5964
v -0.7427 7.0565 0.586
v -0.739 6.9485 0.5557
v -0.7427 7.0597 0.4824
v -0.7326 7.0623 0.4924
v -0.8051 7.1597 0.4673
v -0.7939 7.1753 0.4822
v -0.7784 7.1425 0.4633
v -0.7729 7.1837 0.5007
v -0.7018 7.0924 0.5258
v -0.7698 7.1323 0.4606
v -0.7749 7.1598 0.4762
v -0.7088 7.1018 0.5407
v -0.7593 7.0655 0.4756
v -0.7712 7.0785 0.4675
v -0.7819 7.1107 0.455
v -0.7325 7.1375 0.5427
v -0.7262 7.1511 0.5303
v -0.78 7.1548 0.4689
v -0.7687 7.1637 0.4845
v -0.7548 7.0697 0.4849
v -0.752 7.0737 0.4916
v -0.8004 7.0469 0.4232
v -0.7413 7.1706 0.6022
v -0.7059 7.0852 0.5203
v -0.722 7.0694 0.5021
v -0.7989 7.138 0.4584
v -0.7343 7.0882 0.5182
v -0.7471 7.079 0.5007
v -0.7896 7.1251 0.4553
v -0.8014 7.1683 0.4744
v -0.7625 7.1666 0.4938
v -0.7513 7.1202 0.5429
v -0.7673 7.1052 0.4653
v -0.7541 7.1791 0.5197
v -0.7139 7.0774 0.5125
v -0.7553 7.1694 0.5018
v -0.7277 7.0927 0.5246
v -0.8433 7.1895 0.3933
v -0.7596 7.276 0.5591
v -0.7133 6.9817 0.5758
v -0.7651 7.1198 0.4601
v -0.7665 7.0903 0.4715
v -0.7588 6.9551 0.4975
v -0.8356 7.1406 0.3948
v -0.856 7.2816 0.4393
v -0.7345 7.1335 0.6016
v -0.7341 7.1541 0.5151
v -0.7374 7.107 0.541
v -0.7427 7.1649 0.5116
v -0.7402 7.0839 0.5095
v -0.8609 7.222 0.3992
v -0.7473 6.9465 0.5254
v -0.8118 7.0747 0.4087
v -0.8216 7.0956 0.403
v -0.7519 7.2345 0.5848
v -0.7895 7.0232 0.4372
v -0.7742 7.2938 0.5415
v -0.7161 7.0153 0.5872
v -0.7361 7.1424 0.4947
v -0.752 7.1175 0.5074
v -0.7314 7.1254 0.4987
v -0.7572 7.1056 0.5133
v -0.7512 7.0941 0.5161
v -0.7523 7.1114 0.5282
v -0.7432 7.1213 0.4749
v -0.7504 7.1108 0.4803
v -0.7484 7.1405 0.4764
v -0.7656 7.0978 0.4803
v -0.761 7.085 0.4854
v -0.7599 7.1024 0.5012
v -0.7549 7.092 0.5051
v -0.7297 7.1302 0.5112
v -0.7521 7.1233 0.5227
v -0.733 7.1458 0.5048
v -0.7457 7.0973 0.5259
v -0.7422 7.1413 0.4856
v -0.7509 7.1136 0.4958
v -0.7355 7.1225 0.4871
v -0.7572 7.1378 0.4682
v -0.7561 7.1087 0.4697
v -0.7523 7.1206 0.4674
v -0.7635 7.1013 0.4907
v -0.7581 7.0895 0.4944
v -0.7193 7.0959 0.5843
v -0.7714 6.9922 0.4746
v -0.7556 7.257 0.548
v -0.8409 7.1817 0.4106
v -0.7364 6.9848 0.5463
v -0.7383 7.1872 0.5782
v -0.837 7.2465 0.4321
v -0.8174 7.0973 0.4123
v -0.8103 7.0789 0.4162
v -0.7663 7.2745 0.5292
v -0.6985 7.0682 0.5785
v -0.789 7.0343 0.4442
v -0.744 7.2174 0.5684
v -0.6822 7.04 0.5712
v -0.8378 7.2173 0.4164
v -0.7481 6.9746 0.5258
v -0.735 7.1256 0.5878
v -0.8182 7.2694 0.4517
v -0.8303 7.1344 0.407
v -0.7613 6.9782 0.4998
v -0.6819 7.015 0.5616
v -0.816 7.2763 0.4878
v -0.7412 7.1567 0.5865
v -0.7983 7.0515 0.4313
v -0.7603 7.165 0.3903
v -0.7966 7.3072 0.4397
v -0.7739 7.3232 0.4868
v -0.7466 7.0992 0.4005
v -0.7065 7.0453 0.6631
v -0.7008 6.9657 0.6492
v -0.8046 7.2823 0.4097
v -0.7964 7.2514 0.3992
v -0.7122 6.8928 0.6269
v -0.7278 6.8229 0.5791
v -0.7058 6.8698 0.4887
v -0.6993 6.9424 0.482
v -0.7098 7.1212 0.6763
v -0.7115 7.1913 0.6809
v -0.7104 6.9839 0.4567
v -0.7279 7.3134 0.6133
v -0.7203 7.2832 0.6455
v -0.7847 7.2124 0.3902
v -0.7335 7.3259 0.5839
v -0.7407 7.3221 0.544
v -0.7137 6.8396 0.52
v -0.7294 7.055 0.421
v -0.7148 7.2444 0.6682
v -0.7175 7.0272 0.4364
v -0.7054 7.1693 0.3865
v -0.7374 7.3125 0.4435
v -0.682 7.1006 0.3947
v -0.7036 7.05 0.6915
v -0.7361 7.2546 0.4039
v -0.6904 6.8783 0.6416
v -0.6538 6.894 0.4989
v -0.7081 7.2287 0.7093
v -0.7263 7.359 0.6186
v -0.7309 7.3662 0.5311
v -0.6718 7.052 0.4073
v -0.7325 7.3479 0.4668
v -0.697 6.9594 0.6723
v -0.738 7.2867 0.4201
v -0.6952 6.8252 0.5854
v -0.6511 6.9297 0.4734
v -0.7078 7.14 0.7061
v -0.6578 6.9691 0.448
v -0.7185 7.3321 0.6586
v -0.7239 7.2201 0.3929
v -0.731 7.3694 0.5817
v -0.6691 6.8585 0.5442
v -0.7128 7.2911 0.6885
v -0.6668 7.0124 0.4247
v -0.3112 7.3315 1.404
v -0.349 7.3309 1.3983
v -0.4385 7.293 1.3556
v -0.4343 7.3011 1.3614
v -0.4287 7.3075 1.3664
v -0.4104 7.3179 1.3778
v -0.3833 7.325 1.39
v -0.2723 7.3235 1.4007
v -0.1851 7.2669 1.3746
v -0.197 7.2598 1.3673
v -0.2123 7.256 1.3723
v -0.1934 7.2802 1.3747
v -0.2018 7.2875 1.3795
v -0.1847 7.274 1.3768
v -0.4248 7.2676 1.3613
v -0.2424 7.2487 1.3858
v -0.276 7.2434 1.3936
v -0.2116 7.2952 1.3827
v -0.3114 7.2398 1.3999
v -0.2353 7.3097 1.3898
v -0.3519 7.2408 1.3967
v -0.3848 7.2478 1.3835
v -0.4071 7.2569 1.3739
v -0.4342 7.275 1.3509
v -0.4377 7.2824 1.3492
v -0.4394 7.2875 1.3509
v -0.2244 7.2529 1.3785
v -0.4296 7.2711 1.3557
v 0.3492 7.3299 1.4076
v 0.311 7.3315 1.4107
v 0.3481 7.3465 1.4062
v 0.3095 7.3456 1.4117
v 0.3487 7.3574 1.4039
v 0.308 7.3566 1.4103
v 0.3835 7.3242 1.4009
v 0.3849 7.3413 1.3972
v 0.3886 7.3508 1.393
v 0.4099 7.3169 1.3895
v 0.4154 7.331 1.385
v 0.423 7.339 1.3777
v 0.4279 7.3066 1.3788
v 0.4363 7.3188 1.3727
v 0.4462 7.3246 1.365
v 0.4337 7.3008 1.3734
v 0.4473 7.3085 1.3624
v 0.4582 7.3114 1.3514
v 0.4385 7.2937 1.3653
v 0.4521 7.2991 1.3548
v 0.4638 7.3001 1.342
v 0.4394 7.2874 1.358
v 0.4531 7.2897 1.3462
v 0.4645 7.2899 1.3358
v 0.4367 7.2823 1.355
v 0.4513 7.281 1.3462
v 0.4631 7.2784 1.3355
v 0.4336 7.2755 1.3562
v 0.4463 7.2714 1.3465
v 0.4584 7.2665 1.3339
v 0.4249 7.2677 1.3656
v 0.4313 7.2544 1.3572
v 0.4422 7.2435 1.3469
v 0.4086 7.257 1.3768
v 0.4142 7.2427 1.3697
v 0.4237 7.2315 1.363
v 0.3865 7.2481 1.3873
v 0.3927 7.2332 1.3822
v 0.3976 7.2201 1.3774
v 0.3597 7.2113 1.3915
v 0.3536 7.2243 1.3969
v 0.3519 7.2406 1.4016
v 0.3161 7.2096 1.4009
v 0.3097 7.2215 1.3981
v 0.3109 7.2395 1.4046
v 0.2708 7.2133 1.3995
v 0.2696 7.224 1.3978
v 0.276 7.2434 1.3986
v 0.2322 7.2216 1.3934
v 0.2332 7.2327 1.3932
v 0.241 7.2478 1.3915
v 0.1856 7.2391 1.3849
v 0.1937 7.2438 1.3837
v 0.21 7.2549 1.3795
v 0.2725 7.3227 1.4055
v 0.2682 7.3372 1.4082
v 0.2655 7.3477 1.408
v 0.2353 7.3097 1.3949
v 0.2303 7.3232 1.4012
v 0.2265 7.3319 1.4044
v 0.2093 7.2945 1.3918
v 0.2016 7.3061 1.3992
v 0.1964 7.3135 1.402
v 0.1817 7.2799 1.3835
v 0.174 7.284 1.3989
v 0.1678 7.2859 1.4006
v 0.1752 7.2736 1.3807
v 0.1676 7.2761 1.3942
v 0.1612 7.2762 1.3998
v 0.1757 7.2671 1.3781
v 0.1651 7.2673 1.3918
v 0.1583 7.2656 1.3982
v 0.1846 7.2588 1.3761
v 0.1675 7.2576 1.3887
v 0.1602 7.2545 1.3936
v 0.4442 7.1992 1.3345
v 0.4129 7.1829 1.3539
v 0.3698 7.1722 1.3779
v 0.3179 7.1697 1.3913
v 0.2625 7.176 1.3983
v 0.2145 7.1901 1.3934
v 0.1632 7.2214 1.3891
v 0.4636 7.3308 1.3402
v 0.4784 7.3149 1.3273
v 0.4841 7.3014 1.3195
v 0.4865 7.2885 1.3154
v 0.4867 7.2742 1.3131
v 0.4841 7.2563 1.3099
v 0.4668 7.2202 1.3182
v 0.3502 7.3738 1.3999
v 0.3059 7.3734 1.4073
v 0.395 7.3657 1.3825
v 0.4351 7.3502 1.3646
v 0.2593 7.3638 1.4106
v 0.2157 7.3477 1.412
v 0.1821 7.3289 1.4127
v 0.1484 7.2937 1.4117
v 0.1422 7.2787 1.4114
v 0.1409 7.2631 1.4091
v 0.1454 7.2447 1.3996
v 0.185 7.2941 1.3984
v 0.1788 7.2987 1.4006
v 0.1952 7.2848 1.3878
v 0.1603 7.3103 1.4108
v 0.1293 7.2967 1.4247
v 0.123 7.2788 1.4229
v 0.1225 7.2601 1.4202
v 0.1299 7.2378 1.416
v 0.1424 7.3165 1.4256
v 0.1055 7.3001 1.4449
v 0.0994 7.2784 1.4428
v 0.1003 7.2567 1.4412
v 0.1089 7.23 1.4365
v 0.1185 7.3232 1.4463
v 0.0812 7.3069 1.47
v 0.0757 7.2801 1.4686
v 0.078 7.2537 1.4677
v 0.0886 7.2217 1.4606
v 0.0925 7.3326 1.4701
v 0.0645 7.1705 1.5077
v 0.055 7.312 1.491
v 0.0515 7.2837 1.4905
v 0.0546 7.2526 1.4908
v 0.0666 7.2112 1.4883
v 0.0635 7.3397 1.4918
v 0.0332 7.1876 1.5278
v 0.0285 7.3178 1.5032
v 0.0271 7.2876 1.5044
v 0.0286 7.2574 1.5094
v 0.032 7.227 1.5145
v 0.0325 7.3464 1.5046
v 0.4629 7.1764 1.3244
v 0.4293 7.1566 1.3512
v 0.38 7.1439 1.379
v 0.3206 7.1429 1.401
v 0.2588 7.1514 1.4109
v 0.2058 7.1688 1.4096
v 0.1493 7.2102 1.4061
v 0.4751 7.3375 1.3299
v 0.4933 7.3189 1.3127
v 0.5023 7.3029 1.3045
v 0.5057 7.2873 1.2995
v 0.5062 7.2697 1.2954
v 0.5048 7.2491 1.2949
v 0.4867 7.2021 1.3059
v 0.3519 7.3856 1.4022
v 0.3021 7.3866 1.413
v 0.4008 7.3749 1.382
v 0.4443 7.3569 1.3554
v 0.2503 7.3772 1.4203
v 0.2023 7.359 1.4248
v 0.1654 7.338 1.4262
v 0.5241 7.3044 1.2854
v 0.514 7.3239 1.2961
v 0.4922 7.3462 1.3167
v 0.1712 6.9974 1.4719
v 0.063 7.0869 1.556
v 0.0341 7.0978 1.5712
v 0.1407 7.3489 1.446
v 0.1115 7.3603 1.47
v 0.078 7.3703 1.4932
v 0.0382 7.3767 1.5049
v 0.3522 7.4063 1.4055
v 0.2928 7.409 1.4238
v 0.4086 7.3923 1.3801
v 0.4578 7.3693 1.3463
v 0.2324 7.3982 1.4402
v 0.1783 7.3762 1.4482
v 0.35 7.4301 1.4111
v 0.2774 7.4333 1.4379
v 0.4139 7.4161 1.3779
v 0.4688 7.3916 1.3399
v 0.2048 7.4222 1.4612
v 0.1485 7.3935 1.4693
v 0.1297 7.1108 1.468
v 0.4495 7.126 1.3467
v 0.2034 6.9603 1.4628
v 0.5289 7.2854 1.2797
v 0.5301 7.2637 1.2749
v 0.5283 7.2387 1.2727
v 0.5485 7.3092 1.2618
v 0.5349 7.3362 1.2779
v 0.5087 7.3639 1.3054
v 0.3942 7.1108 1.3816
v 0.4303 7.0406 1.3772
v 0.5543 7.2842 1.2539
v 0.5579 7.2557 1.2486
v 0.5538 7.2253 1.2462
v 0.5333 7.1598 1.2713
v 0.1577 6.9774 1.4854
v 0.0897 7.041 1.5597
v 0.0637 7.0525 1.5817
v 0.0367 7.0608 1.5991
v 0.1146 7.0251 1.5359
v 0.1811 6.9431 1.4736
v 0.34 7.4636 1.4197
v 0.2558 7.4685 1.4553
v 0.4149 7.4468 1.3788
v 0.4771 7.4194 1.3337
v 0.1615 7.4572 1.4891
v 0.1063 7.41 1.4934
v 0.5678 7.3179 1.2363
v 0.5501 7.3521 1.2581
v 0.5244 7.3859 1.2923
v 0.4954 7.0618 1.3262
v 0.0974 7.1406 1.4862
v 0.5758 7.2838 1.2229
v 0.5823 7.2474 1.217
v 0.5814 7.2108 1.2177
v 0.5599 7.1351 1.2453
v 0.5278 7.0229 1.2994
v 0.0493 7.4194 1.5109
v 0.3373 7.5016 1.4232
v 0.2494 7.5124 1.4654
v 0.4188 7.4819 1.3766
v 0.4833 7.4515 1.3256
v 0.1703 8.1089 1.3046
v 0.0682 7.4647 1.5153
v 0.3382 7.5411 1.4241
v 0.247 7.5533 1.4692
v 0.423 7.5184 1.3726
v 0.4918 7.4836 1.3153
v 0.1537 7.5145 1.5027
v 0.0669 7.5153 1.5215
v 0.1475 7.558 1.5072
v 0.0636 7.5578 1.5258
v 0.3787 7.7833 1.3533
v 0.2693 7.8177 1.4145
v 0.4891 7.7355 1.2824
v 0.5776 7.6691 1.1867
v 0.1581 7.7103 1.4952
v 0.0601 7.7176 1.5103
v 0.4233 7.9395 1.2634
v 0.297 7.9828 1.3317
v 0.5406 7.8719 1.1777
v 0.6219 7.7734 1.0755
v 0.1623 7.8373 1.4528
v 0.0614 7.8478 1.4683
v 0.5859 7.3265 1.2062
v 0.5645 7.371 1.2353
v 0.534 7.4121 1.2771
v 0.5999 7.2851 1.1877
v 0.6036 7.2411 1.1786
v 0.6041 7.1961 1.1802
v 0.5864 7.1073 1.2137
v 0.6 7.3369 1.1691
v 0.5766 7.3882 1.2082
v 0.5411 7.4381 1.2573
v 0.6163 7.2857 1.1434
v 0.6675 7.3927 0.9465
v 0.6492 7.4938 1.0074
v 0.6246 7.5836 1.0922
v 0.6829 7.2872 0.903
v 0.6905 7.187 0.8833
v 0.6879 7.089 0.8745
v 0.6613 6.9044 0.9022
v 0.6802 7.5466 0.9105
v 0.6671 7.665 0.9799
v 0.6872 7.7052 0.9211
v 0.0872 6.8778 1.6197
v 0.0788 6.8862 1.6365
v 0.0884 6.9178 1.6368
v 0.0959 6.9671 1.6192
v 0.0945 6.9913 1.6037
v 0.0938 7.016 1.5862
v 0.1224 6.9827 1.5822
v 0.115 7.0033 1.5569
v 0.159 6.9502 1.5261
v 0.1592 6.9636 1.5117
v 0.1705 6.9265 1.5018
v 0.0806 6.813 1.5317
v 0.1394 6.8387 1.5004
v 0.136 6.8975 1.5808
v 0.1645 6.8614 1.4846
v 0.0664 7.0244 1.6078
v 0.0369 7.03 1.6221
v 0.0674 6.9707 1.6438
v 0.0348 6.9707 1.6595
v 0.0589 6.9167 1.6614
v 0.0295 6.9138 1.674
v 0.0645 6.861 1.616
v 0.0543 6.8607 1.6252
v 0.052 6.8851 1.6553
v 0.0267 6.8828 1.6633
v 0.0524 6.8462 1.5955
v 0.0429 6.8396 1.6025
v 0.038 6.86 1.6294
v 0.0198 6.8565 1.6344
v 0.052 6.831 1.5753
v 0.0429 6.8234 1.577
v 0.0289 6.8351 1.6014
v 0.0151 6.8304 1.6038
v 0.0577 6.8206 1.5522
v 0.0534 6.8064 1.5529
v 0.0266 6.8159 1.5762
v 0.0125 6.811 1.574
v 0.1582 6.8652 1.5081
v 0.1545 6.8867 1.5472
v 0.13 6.8468 1.5104
v 0.1217 6.8712 1.5804
v 0.1292 6.8845 1.5809
v 0.1458 6.8725 1.5537
v 0.1383 6.8643 1.5579
v 0.1395 6.8588 1.5234
v 0.1512 6.8558 1.5226
v 0.0878 6.8705 1.6079
v 0.0701 6.8608 1.6082
v 0.0557 6.8528 1.5889
v 0.0575 6.8394 1.5716
v 0.0629 6.8328 1.551
v 0.0816 6.8281 1.5333
v 0.1147 6.8247 1.5118
v 0.1137 6.836 1.5145
v 0.1145 6.9187 1.6104
v 0.1584 6.8999 1.5424
v 0.1687 6.881 1.5072
v 0.1226 6.9613 1.5938
v 0.1606 6.9375 1.5347
v 0.1694 6.9232 1.5139
v 0.0306 6.7987 1.5627
v 0.0139 6.7923 1.5677
v 0.1227 6.8527 1.5189
v 0.1105 6.8754 1.565
v 0.1265 6.8671 1.5518
v 0.1263 6.8633 1.5292
v 0.0834 6.8718 1.5892
v 0.0719 6.8678 1.5885
v 0.0601 6.8636 1.5793
v 0.0575 6.8521 1.5634
v 0.0665 6.8417 1.5483
v 0.0818 6.8383 1.535
v 0.1095 6.8441 1.5203
v 0.0719 6.7401 1.5606
v 0.0459 6.7328 1.5767
v 0.0177 6.7243 1.5742
v 0.1509 6.8366 1.4881
v 0.0824 6.8 1.5334
v 0.1191 6.808 1.5131
v 0.2714 6.5934 1.4105
v 0.2427 6.6597 1.4614
v 0.1012 6.883 1.6111
v 0.0983 6.8722 1.6011
v 0.0972 6.87 1.5868
v 0.1078 6.8985 1.6121
v 0.2662 6.6353 1.4323
v 0.2745 6.6089 1.4133
v 0.1889 6.5242 1.465
v 0.2293 6.5555 1.4342
v 0.2121 6.752 1.4771
v 0.2515 6.573 1.4189
v 0.2083 6.7215 1.483
v 0.2087 6.6897 1.4875
v 0.2499 6.7048 1.4565
v 0.2454 6.6823 1.4611
v 0.2731 6.6485 1.4294
v 0.288 6.6087 1.4086
v 0.2886 6.5836 1.4023
v 0.1123 6.8622 1.5318
v 0.1041 6.8724 1.5641
v 0.1139 6.8699 1.5486
v 0.118 6.8663 1.536
v 0.0863 6.8735 1.5791
v 0.0805 6.8718 1.5752
v 0.0729 6.8685 1.5694
v 0.0718 6.8621 1.5571
v 0.0794 6.8554 1.545
v 0.0881 6.851 1.5367
v 0.1014 6.8563 1.5318
v 0.0945 6.8736 1.5739
v 0.097 6.8722 1.5567
v 0.105 6.8686 1.5441
v 0.0892 6.8736 1.5666
v 0.0856 6.8685 1.5537
v 0.093 6.8636 1.5421
v 0.082 6.8713 1.5625
v 0.2605 6.5474 1.4121
v 0.2348 6.5269 1.4279
v 0.1917 6.504 1.4544
v 0.2668 6.6089 1.4153
v 0.264 6.5973 1.4128
v 0.2484 6.5809 1.4202
v 0.228 6.5663 1.4363
v 0.1865 6.5429 1.4728
v 0.2599 6.6281 1.4354
v 0.2391 6.6458 1.4619
v 0.1091 6.7162 1.5654
v 0.1787 6.687 1.5235
v 0.2108 6.667 1.4958
v 0.2343 6.6355 1.4617
v 0.2069 6.6549 1.4962
v 0.2296 6.6289 1.4632
v 0.2025 6.6447 1.4964
v 0.2209 6.6155 1.4585
v 0.1906 6.6245 1.4879
v 0.2117 6.6149 1.4488
v 0.1846 6.6147 1.4854
v 0.2073 6.6171 1.4402
v 0.1728 6.6165 1.4685
v 0.2589 6.6096 1.4172
v 0.2565 6.6022 1.4118
v 0.2538 6.6208 1.4374
v 0.2528 6.6087 1.4196
v 0.2528 6.6048 1.4139
v 0.2466 6.6167 1.4373
v 0.2463 6.6094 1.4174
v 0.2464 6.6078 1.4142
v 0.2335 6.6131 1.4352
v 0.2428 6.6108 1.4115
v 0.2439 6.6095 1.4072
v 0.2273 6.6132 1.4314
v 0.2409 6.6143 1.399
v 0.2441 6.612 1.3935
v 0.2221 6.6167 1.4227
v 0.2107 6.6062 1.4261
v 0.2117 6.6017 1.437
v 0.2197 6.5879 1.444
v 0.224 6.5787 1.4421
v 0.2426 6.5891 1.423
v 0.2379 6.5951 1.4249
v 0.2312 6.6041 1.4211
v 0.2294 6.6068 1.4117
v 0.2313 6.6077 1.3948
v 0.2174 6.6082 1.4041
v 0.1782 6.6749 1.5289
v 0.1755 6.6645 1.5267
v 0.1626 6.6307 1.5184
v 0.0515 6.7093 1.5955
v 0.1105 6.701 1.5703
v 0.1088 6.6885 1.5729
v 0.1045 6.6418 1.5566
v 0.0224 6.6983 1.5975
v 0.0799 6.7186 1.5853
v 0.0806 6.7047 1.588
v 0.0803 6.6946 1.5905
v 0.077 6.6413 1.5657
v 0.0532 6.6957 1.5957
v 0.0533 6.684 1.5955
v 0.05 6.6352 1.5722
v 0.023 6.6839 1.5992
v 0.0233 6.6742 1.5981
v 0.0198 6.6295 1.5775
v 0.156 6.6146 1.5163
v 0.1014 6.6133 1.5452
v 0.0761 6.6127 1.5452
v 0.0466 6.6114 1.5488
v 0.0215 6.6095 1.5497
v 0.1638 6.6063 1.4586
v 0.1724 6.5999 1.4789
v 0.1824 6.5773 1.4785
v 0.1837 6.5617 1.4765
v 0.1297 6.475 1.4831
v 0.1296 6.5135 1.5116
v 0.1107 6.6043 1.517
v 0.1151 6.5928 1.5173
v 0.1234 6.5648 1.5253
v 0.1277 6.5406 1.5168
v 0.0534 6.4615 1.5001
v 0.0571 6.4953 1.5417
v 0.0508 6.6011 1.5345
v 0.0511 6.5899 1.5419
v 0.0528 6.5544 1.5535
v 0.0544 6.5296 1.5489
v 0.196 6.6324 1.4904
v 0.2243 6.6214 1.4612
v 0.2391 6.6143 1.4354
v 0.2494 6.6089 1.4192
v 0.249 6.6067 1.4168
v 0.2148 6.5957 1.4419
v 0.2339 6.6002 1.4251
v 0.168 6.647 1.5218
v 0.1061 6.6645 1.5641
v 0.0785 6.666 1.5776
v 0.0515 6.6581 1.5828
v 0.0214 6.6509 1.586
v 0.1786 6.5903 1.4819
v 0.1196 6.5797 1.5248
v 0.0517 6.571 1.5529
v 0.0734 6.6198 1.5117
v 0.0949 6.6198 1.5073
v 0.1437 6.6183 1.4834
v 0.0508 6.6061 1.5312
v 0.1044 6.607 1.5077
v 0.1587 6.6097 1.443
v 0.019 6.6182 1.5076
v 0.0423 6.6183 1.508
v 0.206 6.6242 1.4296
v 0.1667 6.6268 1.4544
v 0.2419 6.6201 1.3812
v 0.2496 6.615 1.3739
v 0.2188 6.6233 1.4103
v 0.2395 6.606 1.3714
v 0.2122 6.6045 1.388
v 0.0726 6.6296 1.5043
v 0.0932 6.6295 1.4988
v 0.1419 6.629 1.4737
v 0.0552 6.6022 1.5105
v 0.096 6.6069 1.492
v 0.18 6.6042 1.4117
v 0.0181 6.6293 1.5068
v 0.0432 6.629 1.5065
v 0.1935 6.6473 1.4142
v 0.1564 6.653 1.4395
v 0.2469 6.6278 1.3634
v 0.256 6.6169 1.3576
v 0.2095 6.6433 1.3952
v 0.2293 6.59 1.3595
v 0.2008 6.5821 1.3712
v 0.0641 6.6646 1.4964
v 0.0863 6.6632 1.4847
v 0.1293 6.6608 1.4602
v 0.0638 6.5879 1.4881
v 0.1087 6.5914 1.4663
v 0.1714 6.5851 1.3907
v 0.0156 6.6555 1.5042
v 0.0386 6.661 1.5013
v 0.1866 6.6875 1.4128
v 0.1537 6.6972 1.4363
v 0.2483 6.6469 1.3563
v 0.2608 6.6206 1.3457
v 0.2064 6.6797 1.3937
v 0.2287 6.5644 1.3518
v 0.1979 6.5513 1.3674
v 0.0613 6.7079 1.4968
v 0.0826 6.7088 1.4842
v 0.1253 6.7047 1.4592
v 0.0618 6.5454 1.4851
v 0.1158 6.5529 1.4541
v 0.1658 6.5508 1.3916
v 0.0153 6.7031 1.5052
v 0.037 6.7051 1.5031
v 0.1817 6.7275 1.4092
v 0.1462 6.736 1.4338
v 0.2529 6.6678 1.3467
v 0.2661 6.6258 1.334
v 0.2044 6.7166 1.3895
v 0.2283 6.5462 1.3437
v 0.195 6.5272 1.3617
v 0.0583 6.7531 1.4915
v 0.0785 6.7523 1.4802
v 0.1234 6.7486 1.4534
v 0.0588 6.5076 1.4783
v 0.1181 6.5138 1.4418
v 0.1605 6.521 1.3876
v 0.015 6.747 1.4997
v 0.0355 6.7511 1.4972
v 0.182 6.7751 1.3917
v 0.1482 6.79 1.4128
v 0.265 6.694 1.3273
v 0.2779 6.6315 1.3127
v 0.2082 6.7604 1.373
v 0.2324 6.5199 1.32
v 0.1967 6.4905 1.3374
v 0.0576 6.8087 1.4671
v 0.0787 6.8088 1.4566
v 0.122 6.8004 1.4259
v 0.0453 6.4514 1.4311
v 0.1245 6.4617 1.3916
v 0.1598 6.4756 1.3583
v 0.0139 6.7987 1.473
v 0.0325 6.8049 1.4722
v 0.1958 6.8384 1.3303
v 0.1605 6.8586 1.3405
v 0.2915 6.7249 1.2797
v 0.3041 6.6441 1.2665
v 0.2273 6.8172 1.3175
v 0.2526 6.499 1.2673
v 0.211 6.4574 1.2795
v 0.0589 6.8865 1.3799
v 0.0864 6.8853 1.3723
v 0.1317 6.8717 1.3506
v 0.0609 6.4006 1.3471
v 0.1239 6.4239 1.3224
v 0.1707 6.4336 1.2949
v 0.0117 6.8728 1.3849
v 0.0341 6.8815 1.3839
v 0.2107 6.8989 1.2153
v 0.1826 6.9165 1.2171
v 0.3168 6.7538 1.1754
v 0.3265 6.659 1.1653
v 0.2453 6.8739 1.2113
v 0.2722 6.4891 1.1623
v 0.2319 6.4651 1.1622
v 0.067 6.9602 1.2344
v 0.0955 6.9582 1.2311
v 0.1498 6.9338 1.2219
v 0.0629 6.395 1.1847
v 0.1384 6.4141 1.1784
v 0.1914 6.4407 1.1698
v 0.0131 6.9423 1.24
v 0.0399 6.954 1.2373
v 0.2536 6.9334 1.0263
v 0.2237 6.9525 1.0268
v 0.3579 6.7824 1.0112
v 0.3636 6.6746 1.0023
v 0.2892 6.9064 1.0237
v 0.2959 6.489 1.0158
v 0.2528 6.4658 1.0062
v 0.0861 6.9937 1.0308
v 0.1223 6.9938 1.0301
v 0.1889 6.9669 1.0251
v 0.0741 6.4084 1.021
v 0.1495 6.4225 1.0159
v 0.2122 6.4361 1.009
v 0.0145 6.9713 1.038
v 0.0501 6.9853 1.0334
v 0.2481 6.8989 0.8262
v 0.2153 6.9194 0.8276
v 0.3602 6.7525 0.8097
v 0.3507 6.6645 0.8067
v 0.2866 6.8691 0.823
v 0.298 6.4903 0.8227
v 0.2775 6.3915 0.8046
v 0.0834 6.9559 0.8306
v 0.1179 6.9555 0.8294
v 0.1814 6.9308 0.8245
v 0.0824 6.238 0.6836
v 0.1707 6.2753 0.7114
v 0.2452 6.3224 0.7469
v 0.016 6.9401 0.8449
v 0.0501 6.95 0.8341
v 0.2162 6.8013 0.656
v 0.1812 6.8158 0.661
v 0.3223 6.7 0.633
v 0.3085 6.644 0.6113
v 0.2557 6.7802 0.6489
v 0.215 6.5227 0.6022
v 0.2076 6.4366 0.603
v 0.0687 6.8409 0.6685
v 0.0933 6.8406 0.6676
v 0.146 6.8211 0.6726
v 0.0649 6.3166 0.6148
v 0.1129 6.3387 0.6082
v 0.1663 6.3775 0.61
v 0.0169 6.8296 0.6777
v 0.0378 6.8363 0.6715
v 0.1512 6.6758 0.5712
v 0.1411 6.6967 0.5686
v 0.2283 6.6487 0.5602
v 0.212 6.6136 0.5639
v 0.1668 6.6692 0.5692
v 0.1665 6.5672 0.5695
v 0.1497 6.5491 0.5734
v 0.0521 6.7037 0.5692
v 0.0733 6.6881 0.5722
v 0.1141 6.7036 0.5674
v 0.0445 6.5182 0.5744
v 0.0824 6.5298 0.5788
v 0.1233 6.5326 0.5696
v 0.0174 6.684 0.5875
v 0.0315 6.701 0.5711
v 0.2815 6.6644 1.4263
v 0.3065 6.6044 1.397
v 0.2584 7.695 1.4579
v 0.3541 7.668 1.4028
v 0.4513 7.6307 1.3389
v 0.5313 7.5811 1.262
v 0.6451 7.3655 1.0419
v 0.6617 7.2822 1.0035
v 0.6221 7.4458 1.0994
v 0.5861 7.5163 1.1785
v 0.1923 6.4724 1.4401
v 0.1292 6.4472 1.4675
v 0.0537 6.4311 1.4834
v 0.3026 6.5761 1.3928
v 0.0638 6.168 1.341
v 0.1443 6.1869 1.3181
v 0.1309 6.4115 1.4639
v 0.2693 6.5259 1.4039
v 0.2374 6.5013 1.4219
v 0.0584 6.3945 1.4866
v 0.1941 6.4353 1.4294
v 0.5552 6.651 1.0493
v 0.6007 6.7262 0.9796
v 0.5091 6.5107 1.0424
v 0.5729 6.7387 0.6068
v 0.5527 6.5791 0.7813
v 0.5123 6.4917 0.8663
v 0.4745 6.4321 0.9384
v 0.4429 6.388 1.0012
v 0.3558 6.2998 1.1108
v 0.059 6.1675 1.2867
v 0.4884 6.5532 0.6252
v 0.1377 6.1857 1.2578
v 0.5059 6.6051 0.5364
v 0.4489 6.4929 0.5913
v 0.4674 6.5281 0.5065
v 0.4069 6.3838 0.5431
v 0.4411 6.4271 0.4679
v 0.4071 6.248 0.4841
v 0.4329 6.2985 0.4171
v 0.431 6.433 0.7762
v 0.4631 6.4903 0.7063
v 0.3857 6.3902 0.7128
v 0.4192 6.434 0.6585
v 0.3416 6.3137 0.6373
v 0.3742 6.3577 0.586
v 0.3353 6.1829 0.5737
v 0.3792 6.2132 0.5413
v 0.4001 6.3906 0.8362
v 0.2934 6.156 0.5989
v 0.0562 6.1744 1.1324
v 0.1238 6.1969 1.0977
v 0.3135 6.2867 0.9835
v 0.052 6.1791 1.011
v 0.1103 6.1937 0.9846
v 0.2707 6.2766 0.8815
v 0.0378 6.1645 0.8488
v 0.0815 6.1726 0.8335
v 0.2164 6.2046 0.7584
v 0.4881 6.5739 0.3906
v 0.4675 6.478 0.3607
v 0.4483 6.3518 0.3248
v 0.4482 6.1629 0.2527
v 0.4861 6.6045 0.2563
v 0.4668 6.5086 0.234
v 0.4445 6.3874 0.2129
v 0.4614 6.211 0.1545
v 0.4612 6.6199 0.1174
v 0.4501 6.529 0.1027
v 0.4497 6.413 0.084
v 0.459 6.2487 0.0492
v 0.4265 6.63 -0.0071
v 0.4218 6.5468 -0.0134
v 0.4175 6.4332 -0.0252
v 0.4217 6.2819 -0.0458
v 0.3563 6.6424 -0.0856
v 0.3475 6.5616 -0.085
v 0.3433 6.448 -0.0888
v 0.3438 6.2916 -0.1052
v 0.2494 6.6588 -0.1257
v 0.2393 6.5778 -0.1141
v 0.2339 6.4691 -0.1099
v 0.2362 6.3079 -0.1234
v 0.702 7.0583 0.7287
v 0.7402 7.5018 0.4165
v 0.5408 8.1168 0.0604
v 0.4443 8.2145 0.0034
v 0.7313 7.7319 0.2937
v 0.6888 7.8574 0.2221
v 0.7329 7.4072 0.4543
v 0.6705 6.8377 0.6827
v 0.7011 7.1751 0.793
v 0.6982 7.0655 0.7778
v 0.6663 6.8461 0.7629
v 0.6964 7.2945 0.8158
v 0.6848 7.4204 0.8579
v 0.7342 7.442 0.5247
v 0.7278 7.3739 0.3993
v 0.7068 7.3033 0.3482
v 0.6488 7.0933 0.34
v 0.666 7.1544 0.332
v 0.6385 8.1058 0.3765
v 0.4362 8.3577 0.3138
v 0.5444 8.2459 0.343
v 0.3856 8.3294 0.924
v 0.5636 6.7716 0.5163
v 0.5103 6.6522 0.4254
v 0.5104 6.698 0.2849
v 0.4767 6.6956 0.1223
v 0.4283 6.6982 -0.0024
v 0.35 6.7098 -0.0919
v 0.2538 6.7217 -0.133
v 0.3553 6.3161 1.156
v 0.4581 6.4145 1.0499
v 0.5005 6.4694 0.9891
v 0.5378 6.5262 0.9089
v 0.5796 6.6127 0.8261
v 0.3415 7.5805 1.4212
v 0.2912 6.4928 1.3829
v 0.2483 6.463 1.4034
v 0.0374 7.0011 1.6434
v 0.2948 6.7418 1.4282
v 0.5352 7.0969 1.2808
v 0.563 7.0636 1.2505
v 0.486 7.1506 1.3137
v 0.5093 7.1826 1.2903
v 0.4706 7.0947 1.3384
v 0.508 7.1263 1.3006
v 0.1678 7.083 1.4551
v 0.411 7.0777 1.387
v 0.1176 7.185 1.4415
v 0.632 6.8146 0.9334
v 0.6072 6.7005 0.6967
v 0.6364 6.7219 0.7674
v 0.2158 6.2152 1.217
v 0.2231 6.2312 1.3031
v 0.4562 6.4483 1.1001
v 0.2907 6.2829 1.2487
v 0.3521 6.3342 1.1948
v 0.1472 6.1926 1.3453
v 0.0649 6.1747 1.3653
v 0.292 6.2577 1.1631
v 0.2224 6.2224 1.2696
v 0.2946 6.2688 1.2118
v 0.2619 6.2578 1.0239
v 0.2275 6.2524 0.9168
v 0.172 6.2211 0.9528
v 0.1967 6.2261 1.0632
v 0.3749 6.3561 0.8903
v 0.6525 6.8231 0.5952
v 0.5637 6.8145 0.4445
v 0.6041 7.0198 0.3002
v 0.5529 7.0052 0.1373
v 0.5109 6.9987 0.0314
v 0.4538 7.0034 -0.073
v 0.3779 7.0057 -0.157
v 0.2851 6.9941 -0.2139
v 0.6253 7.0908 0.2769
v 0.5724 7.1039 0.1115
v 0.5306 7.1107 0.0056
v 0.4702 7.121 -0.101
v 0.3952 7.1288 -0.1905
v 0.3079 7.1256 -0.2593
v 0.6503 7.1656 0.2646
v 0.6032 7.2125 0.0747
v 0.5546 7.2321 -0.0295
v 0.491 7.2498 -0.1348
v 0.4148 7.2647 -0.2306
v 0.3265 7.2684 -0.3031
v 0.7026 7.3519 0.2862
v 0.6513 7.4431 0.0729
v 0.5991 7.4904 -0.0452
v 0.5283 7.5315 -0.1531
v 0.4468 7.5647 -0.2584
v 0.3544 7.5913 -0.3295
v 0.729 7.4505 0.3421
v 0.7087 7.6416 0.1815
v 0.6615 7.7449 0.0846
v 0.5987 7.847 -0.0197
v 0.5124 7.9446 -0.1382
v 0.4048 8.011 -0.2012
v 0.4128 8.3912 0.6644
v 0.5333 8.2829 0.6464
v 0.5129 8.2441 0.8799
v 0.6467 7.8305 1.0103
v 0.6326 8.142 0.6218
v 0.7073 7.9778 0.5941
v 0.5609 7.9428 1.1079
v 0.7067 7.9505 0.4073
v 0.7443 7.7993 0.4428
v 0.7429 7.5394 0.5052
v 0.4425 8.0225 1.195
v 0.3127 8.0778 1.265
v 0.1595 7.9979 1.3813
v 0.0616 8.0101 1.3911
v 0.692 7.9616 0.7468
v 0.6182 8.1187 0.8167
v 0.7407 7.8148 0.5784
v 0.7306 7.8074 0.6939
v 0.055 6.166 1.2186
v 0.131 6.1866 1.1871
v 0.5362 6.7157 0.4753
v 0.2054 6.2166 1.1502
v 0.2808 6.2539 1.1008
v 0.339 6.2914 1.0529
v 0.5406 6.6689 0.5704
v 0.5394 6.6144 0.6584
v 0.5099 6.5342 0.7426
v 0.4398 6.4127 0.8904
v 0.4087 6.371 0.9502
v 0.4738 6.464 0.8222
v 0.5402 6.7637 0.3836
v 0.5853 7.0074 0.2297
v 0.6092 7.0964 0.197
v 0.6409 7.1844 0.1729
v 0.692 7.4 0.1884
v 0.7314 7.5409 0.2698
v 0.7521 7.655 0.4809
v 0.5975 8.0607 0.9572
v 0.6769 7.9237 0.864
v 0.7222 7.7849 0.7886
v 0.4851 8.1678 1.0415
v 0.0651 8.1239 1.3146
v 0.3535 8.2339 1.102
v 0.054 6.685 -0.1354
v 0.049 6.6005 -0.1164
v 0.0941 8.2749 1.1621
v 0.1497 8.0686 -0.2535
v 0.126 7.6282 -0.3872
v 0.0559 6.7532 -0.1475
v 0.1519 8.4771 0.6926
v 0.1747 8.4575 0.3073
v 0.1159 7.2609 -0.3713
v 0.102 7.1154 -0.3205
v 0.0762 6.991 -0.2536
v 0.1196 8.3974 0.9698
v 0.0475 6.3253 -0.1061
v 0.0461 6.4865 -0.0951
v 0.3554 6.3525 0.7607
v 0.3297 6.3282 0.8026
v 0.3058 6.271 0.6628
v 0.2751 6.2464 0.6972
v 0.1765 6.1908 0.7831
v 0.1323 6.1799 0.8137
v 0.1479 6.6761 -0.1324
v 0.2386 8.3787 0.9608
v 0.1519 6.7401 -0.1436
v 0.1794 6.9939 -0.2456
v 0.1372 6.477 -0.1098
v 0.2429 7.6127 -0.3705
v 0.2265 7.2627 -0.3541
v 0.209 7.1192 -0.305
v 0.279 8.0499 -0.2402
v 0.3019 8.4243 0.3057
v 0.1387 6.3132 -0.1207
v 0.2708 8.4542 0.6879
v 0.1409 6.5933 -0.118
v 0.2057 8.2615 1.147
v 0.3487 7.3318 1.389
v 0.3114 7.3316 1.3973
v 0.3806 7.3248 1.376
v 0.4067 7.3159 1.3602
v 0.4238 7.3088 1.3476
v 0.4297 7.3006 1.3437
v 0.434 7.2931 1.3409
v 0.435 7.2875 1.3389
v 0.4342 7.283 1.3386
v 0.4316 7.275 1.3412
v 0.4202 7.2676 1.3512
v 0.4009 7.2578 1.3647
v 0.3807 7.2493 1.3752
v 0.3497 7.2428 1.3877
v 0.3109 7.2415 1.3928
v 0.276 7.2442 1.3879
v 0.2438 7.2496 1.38
v 0.2178 7.2571 1.3676
v 0.272 7.3243 1.396
v 0.2353 7.3097 1.3848
v 0.2194 7.2952 1.3751
v 0.2087 7.2812 1.3697
v 0.203 7.2751 1.369
v 0.203 7.2683 1.3675
v 0.2108 7.2625 1.366
v 0.2139 7.2883 1.3724
v 0.3508 7.3255 1.3617
v 0.3141 7.325 1.368
v 0.3846 7.3209 1.3522
v 0.4066 7.317 1.3399
v 0.4217 7.3084 1.3277
v 0.428 7.3019 1.3218
v 0.4322 7.2943 1.3154
v 0.4335 7.2877 1.3109
v 0.4338 7.2816 1.3081
v 0.4347 7.2768 1.3077
v 0.4254 7.2662 1.3187
v 0.4017 7.2566 1.3362
v 0.3807 7.2519 1.3462
v 0.3528 7.2468 1.3554
v 0.3103 7.2467 1.3611
v 0.2774 7.2487 1.3573
v 0.2404 7.2546 1.3471
v 0.2222 7.2575 1.3421
v 0.2706 7.3184 1.3657
v 0.2354 7.3088 1.3574
v 0.2178 7.2988 1.348
v 0.2096 7.2827 1.3462
v 0.2048 7.2754 1.3457
v 0.2036 7.2715 1.3456
v 0.2081 7.265 1.3445
v 0.2146 7.2904 1.3461
v 0.3512 7.3748 1.3641
v 0.3087 7.3751 1.371
v 0.3865 7.3654 1.3528
v 0.4121 7.3522 1.3403
v 0.4298 7.3367 1.329
v 0.4407 7.3218 1.3209
v 0.4476 7.3071 1.3146
v 0.4513 7.2931 1.3105
v 0.4524 7.2794 1.3089
v 0.451 7.2665 1.31
v 0.4383 7.2406 1.3229
v 0.42 7.222 1.337
v 0.3939 7.205 1.3506
v 0.3555 7.1918 1.3629
v 0.3018 7.1882 1.3688
v 0.2597 7.1949 1.3643
v 0.2294 7.2057 1.3554
v 0.1983 7.2262 1.3405
v 0.2632 7.364 1.3704
v 0.2253 7.3443 1.362
v 0.2005 7.3228 1.3508
v 0.1794 7.2874 1.3326
v 0.1765 7.2731 1.3271
v 0.1776 7.2597 1.3273
v 0.1838 7.2438 1.3313
v 0.1867 7.3036 1.3411
v 0.3512 7.4102 1.3266
v 0.3044 7.4128 1.3329
v 0.3895 7.3968 1.3171
v 0.418 7.378 1.3066
v 0.4377 7.3573 1.2966
v 0.4504 7.337 1.2885
v 0.4582 7.3174 1.2822
v 0.4623 7.2984 1.278
v 0.4634 7.2793 1.2764
v 0.4617 7.2611 1.2775
v 0.4495 7.2261 1.2875
v 0.4325 7.2013 1.2981
v 0.4042 7.1763 1.31
v 0.3603 7.156 1.3217
v 0.3007 7.1498 1.3276
v 0.2524 7.16 1.3247
v 0.2209 7.1755 1.3185
v 0.1864 7.2069 1.3081
v 0.2545 7.4005 1.3335
v 0.2124 7.375 1.3279
v 0.1849 7.3449 1.3192
v 0.164 7.2937 1.3074
v 0.1625 7.2735 1.3056
v 0.1645 7.254 1.3036
v 0.1717 7.2316 1.3033
v 0.1703 7.3172 1.3112
v 0.3484 7.4299 1.2864
v 0.3004 7.4336 1.2908
v 0.3879 7.4151 1.2797
v 0.4177 7.3942 1.2718
v 0.4388 7.371 1.2639
v 0.4527 7.3476 1.257
v 0.4614 7.3248 1.2513
v 0.466 7.3021 1.2474
v 0.4672 7.2793 1.2456
v 0.4652 7.2575 1.2459
v 0.4528 7.2176 1.252
v 0.436 7.19 1.259
v 0.4069 7.1613 1.2678
v 0.3611 7.1375 1.2768
v 0.2991 7.1301 1.2827
v 0.2495 7.1417 1.2827
v 0.2176 7.159 1.2801
v 0.1809 7.1953 1.2753
v 0.2496 7.4215 1.2916
v 0.206 7.3944 1.2887
v 0.1768 7.3603 1.2838
v 0.1547 7.2993 1.2757
v 0.1536 7.2749 1.2735
v 0.1564 7.2515 1.2725
v 0.1647 7.2245 1.2732
v 0.1612 7.3275 1.2792
v 0.3444 7.437 1.2547
v 0.2975 7.4404 1.2575
v 0.3837 7.4225 1.25
v 0.4139 7.4016 1.2443
v 0.4357 7.3779 1.2382
v 0.4505 7.3534 1.2326
v 0.4598 7.329 1.2278
v 0.4648 7.3044 1.2243
v 0.466 7.2795 1.2223
v 0.4637 7.2561 1.2219
v 0.4508 7.2147 1.2251
v 0.434 7.1866 1.2293
v 0.405 7.1572 1.2352
v 0.3592 7.1327 1.2419
v 0.2976 7.125 1.2478
v 0.2489 7.1364 1.2502
v 0.2176 7.1535 1.2503
v 0.1801 7.1906 1.2494
v 0.2482 7.4286 1.2583
v 0.2055 7.4024 1.2571
v 0.1758 7.3684 1.2551
v 0.1518 7.3037 1.2515
v 0.1505 7.2769 1.2503
v 0.1536 7.2511 1.2495
v 0.1627 7.2217 1.2492
v 0.1591 7.3342 1.2531
v 0.3403 7.4379 1.23
v 0.1505 7.2794 1.2317
v 0.3788 7.4244 1.2269
v 0.1779 7.3721 1.2326
v 0.4312 7.3809 1.2183
v 0.4465 7.3563 1.214
v 0.4616 7.3061 1.2068
v 0.4628 7.2804 1.2047
v 0.2484 7.1373 1.2256
v 0.4472 7.2153 1.2048
v 0.4305 7.1877 1.2068
v 0.4017 7.1585 1.2103
v 0.3563 7.1342 1.2152
v 0.2959 7.1263 1.2212
v 0.4603 7.2565 1.2039
v 0.218 7.1537 1.2277
v 0.1807 7.1903 1.2291
v 0.4563 7.3314 1.2101
v 0.2073 7.4045 1.2328
v 0.2481 7.4292 1.2327
v 0.409 7.4043 1.2228
v 0.1524 7.3074 1.2321
v 0.2951 7.4406 1.2319
v 0.1536 7.2523 1.2311
v 0.1629 7.2219 1.23
v 0.1605 7.3385 1.2324
v 0.3362 7.4354 1.2077
v 0.1527 7.2822 1.214
v 0.3733 7.4232 1.2057
v 0.1819 7.3733 1.212
v 0.4254 7.3817 1.1998
v 0.4411 7.3577 1.1967
v 0.4566 7.3079 1.1905
v 0.4579 7.2821 1.1881
v 0.248 7.1419 1.2028
v 0.4422 7.2184 1.186
v 0.4256 7.1916 1.186
v 0.3971 7.1631 1.1875
v 0.3526 7.1395 1.1909
v 0.294 7.1317 1.1969
v 0.4554 7.2583 1.187
v 0.2186 7.1574 1.2067
v 0.1823 7.1928 1.21
v 0.4511 7.3332 1.1935
v 0.2102 7.4033 1.211
v 0.2488 7.4262 1.2097
v 0.403 7.4044 1.2029
v 0.1552 7.3105 1.2136
v 0.2931 7.4373 1.2087
v 0.1553 7.2548 1.2134
v 0.1645 7.2244 1.2117
v 0.1642 7.3413 1.2128
v 0.332 7.429 1.1846
v 0.1578 7.2851 1.1935
v 0.3666 7.4185 1.1834
v 0.1883 7.372 1.1898
v 0.4173 7.3801 1.1792
v 0.433 7.3573 1.1774
v 0.4483 7.3098 1.1717
v 0.4495 7.2845 1.1691
v 0.2488 7.1508 1.1782
v 0.4343 7.2238 1.1654
v 0.4178 7.1986 1.1637
v 0.3899 7.1715 1.1637
v 0.3477 7.1495 1.1659
v 0.2927 7.1419 1.1714
v 0.4472 7.2614 1.1679
v 0.2207 7.1648 1.1835
v 0.1859 7.1983 1.1882
v 0.443 7.3341 1.1749
v 0.2148 7.3988 1.188
v 0.2506 7.4194 1.1859
v 0.395 7.4014 1.1813
v 0.1611 7.3126 1.1924
v 0.2919 7.4299 1.1848
v 0.1599 7.2586 1.1929
v 0.1688 7.2291 1.1905
v 0.1708 7.3423 1.191
v 0.3278 7.4157 1.1573
v 0.1699 7.288 1.1655
v 0.358 7.4072 1.1566
v 0.2004 7.3665 1.1618
v 0.4042 7.3734 1.1534
v 0.4192 7.3533 1.1525
v 0.4329 7.3104 1.1473
v 0.4339 7.287 1.1448
v 0.2537 7.1668 1.1491
v 0.4199 7.2324 1.1408
v 0.4041 7.2103 1.1382
v 0.3784 7.1864 1.1373
v 0.3412 7.1672 1.1387
v 0.2931 7.1602 1.1428
v 0.432 7.2658 1.1438
v 0.2277 7.1783 1.1548
v 0.1958 7.2083 1.1595
v 0.4284 7.3326 1.1505
v 0.2241 7.3892 1.1601
v 0.2558 7.4065 1.1577
v 0.3834 7.3924 1.1548
v 0.174 7.3133 1.1641
v 0.2925 7.4158 1.1569
v 0.1715 7.2638 1.1649
v 0.1799 7.2367 1.162
v 0.184 7.3404 1.1626
v 0.3378 7.2421 1.0915
v 0.3306 7.2311 1.0938
v 0.3237 7.2209 1.0968
v 0.3037 7.2178 1.0975
v 0.3452 7.2735 1.088
v 0.2869 7.2318 1.0935
v 0.2758 7.2491 1.0906
v 0.3431 7.3156 1.0906
v 0.2835 7.3492 1.1001
v 0.2934 7.3575 1.1028
v 0.3289 7.35 1.0997
v 0.2654 7.3101 1.0918
v 0.3025 7.3647 1.1062
v 0.2638 7.2802 1.0899
v 0.2684 7.2645 1.0897
v 0.2699 7.325 1.0941
v 0.3455 7.2619 1.0892
v 0.2816 7.2391 1.092
v 0.2344 7.2114 1.1216
v 0.3983 7.2578 1.1136
v 0.2137 7.3333 1.1254
v 0.2091 7.2488 1.1234
v 0.2016 7.2709 1.1257
v 0.2965 7.3902 1.1257
v 0.2047 7.3115 1.1257
v 0.3634 7.3726 1.1231
v 0.2694 7.3828 1.1252
v 0.2454 7.3704 1.1258
v 0.3989 7.3257 1.1187
v 0.2221 7.2258 1.1221
v 0.2475 7.2023 1.12
v 0.4014 7.2713 1.1138
v 0.2971 7.19 1.1141
v 0.3329 7.1955 1.1119
v 0.3595 7.2101 1.1106
v 0.379 7.2281 1.1108
v 0.3918 7.2447 1.1125
v 0.2679 7.1944 1.117
v 0.4026 7.2886 1.1143
v 0.402 7.3077 1.1162
v 0.2498 6.2246 0.7236
v 0.3036 6.3007 0.8416
v 0.3488 6.3212 0.9364
v 0.377 6.3338 1.0023
v 0.4025 6.3443 1.0562
v 0.4109 6.3639 1.1033
v 0.4049 6.3886 1.145
v 0.3194 6.522 1.3701
v 0.2894 6.5526 1.3961
v 0.2795 6.5647 1.4033
v 0.2562 6.5891 1.4165
v 0.2496 6.5956 1.4174
v 0.2454 6.6 1.4194
v 0.2415 6.6034 1.421
v 0.2388 6.606 1.4176
v 0.2367 6.6081 1.4095
v 0.2377 6.6099 1.3942
v 0.2445 6.6105 1.3726
v 0.2427 6.6035 1.3585
v 0.2448 6.5925 1.3487
v 0.2472 6.586 1.3389
v 0.2552 6.5757 1.3164
v 0.2784 6.5716 1.2669
v 0.2994 6.574 1.1638
v 0.3297 6.5818 1.0091
v 0.3158 6.5835 0.8143
v 0.2617 6.5846 0.5995
v 0.1892 6.5904 0.5667
v 0.1975 6.659 0.5647
v 0.289 6.7401 0.641
v 0.3234 6.8108 0.8164
v 0.3235 6.8444 1.0174
v 0.281 6.8139 1.1934
v 0.2594 6.771 1.2986
v 0.2366 6.7272 1.3501
v 0.2286 6.6922 1.3681
v 0.2274 6.6633 1.375
v 0.2282 6.6356 1.3793
v 0.2304 6.6217 1.3957
v 0.2315 6.6155 1.4109
v 0.2351 6.612 1.4214
v 0.2399 6.6112 1.4263
v 0.2443 6.6116 1.4273
v 0.249 6.6119 1.4262
v 0.2575 6.6136 1.4252
v 0.2652 6.6148 1.422
v 0.2863 6.6273 1.4142
v 0.2997 6.6336 1.4075
v 0.6472 7.282 1.0577
v 0.6302 7.3541 1.0902
v 0.6054 7.424 1.1442
v 0.5714 7.4875 1.2133
v 0.5148 7.5462 1.2847
v 0.4384 7.5899 1.3549
v 0.3462 7.6214 1.4155
v 0.2505 7.6438 1.4644
v 0.1546 7.6553 1.5029
v 0.061 7.6578 1.5214
v 0.3096 7.3374 1.4127
v 0.3473 7.3383 1.4077
v 0.3824 7.3332 1.4005
v 0.4103 7.3242 1.3889
v 0.4295 7.3143 1.3781
v 0.4392 7.305 1.369
v 0.4438 7.2978 1.3612
v 0.4448 7.2899 1.355
v 0.4428 7.2826 1.3539
v 0.4388 7.2753 1.3548
v 0.425 7.2618 1.3647
v 0.4106 7.2512 1.3741
v 0.3905 7.2421 1.3858
v 0.3522 7.235 1.4001
v 0.3109 7.2338 1.4028
v 0.2738 7.2367 1.3983
v 0.2382 7.2423 1.392
v 0.2012 7.2507 1.3821
v 0.2701 7.3295 1.4076
v 0.2333 7.3164 1.3977
v 0.2067 7.3004 1.3967
v 0.1789 7.2826 1.3975
v 0.1717 7.2759 1.3885
v 0.1704 7.2676 1.3822
v 0.1756 7.2598 1.3816
v 0.1899 7.29 1.3965
v 0.1553 7.2505 1.3949
v 0.2217 7.3393 1.4072
v 0.1902 7.319 1.4045
v 0.3916 7.358 1.3859
v 0.4544 7.3279 1.3543
v 0.4678 7.3139 1.3414
v 0.4733 7.3013 1.3316
v 0.4747 7.2892 1.3264
v 0.4741 7.2764 1.3251
v 0.4529 7.2326 1.3344
v 0.4701 7.2621 1.3223
v 0.3642 7.1937 1.3842
v 0.4037 7.2032 1.3657
v 0.3178 7.192 1.3967
v 0.2672 7.1966 1.398
v 0.1764 7.2308 1.3853
v 0.2245 7.2075 1.3934
v 0.433 7.217 1.3521
v 0.1718 7.3036 1.4033
v 0.152 7.2646 1.4022
v 0.1606 7.2896 1.404
v 0.1542 7.2773 1.4045
v 0.2627 7.3555 1.4077
v 0.3499 7.3652 1.402
v 0.3073 7.3643 1.4084
v 0.4284 7.3444 1.3712
v 0.3489 6.9519 1.4254
v 0.0949 6.9435 1.6321
v 0.1729 6.8944 1.489
v 0.0334 6.9424 1.6716
v 0.0648 6.944 1.6586
v 0.1619 6.919 1.5348
v 0.1713 6.9033 1.509
v 0.1216 6.9403 1.6052
v 0.2136 7.0547 1.4478
v 0.283 7.0134 1.4491
v 0.334 7.0395 1.4313
v 0.2425 7.0794 1.4417
v 0.0347 7.141 1.5487
v 0.0643 7.1268 1.5321
v 0.4973 6.9449 1.317
v 0.5497 6.9821 1.2637
v 0.2374 6.9129 1.4551
v 0.2744 6.858 1.4431
v 0.171 6.9319 1.4881
v 0.0674 6.9975 1.628
v 0.0185 6.7749 1.565
v 0.0889 6.7863 1.5351
v 0.0374 6.7794 1.5593
v 0.2282 6.8445 1.4587
v 0.4518 7.2551 1.3376
v 0.4406 7.2629 1.3495
v 0.4295 7.2712 1.3613
v 0.212 7.2385 1.3875
v 0.2218 7.252 1.3842
v 0.2067 7.2296 1.3879
v 0.1851 7.2042 1.3889
v 0.4784 7.2394 1.3125
v 0.1743 7.1878 1.407
v 0.4995 7.2271 1.2985
v 0.1819 7.1079 1.4383
v 0.5467 7.1934 1.252
v 0.1362 7.004 1.5085
v 0.5763 7.1741 1.225
v 0.105 7.1691 1.4622
v 0.6007 7.1524 1.1912
v 0.6796 6.9961 0.8807
v 0.1397 6.9866 1.5353
v 0.1419 6.9689 1.5522
v 0.1418 6.9154 1.5735
v 0.1446 6.9513 1.5632
v 0.6924 6.9527 0.7108
v 0.6871 6.9589 0.7678
v 0.5223 7.2117 1.2758
v 0.1403 7.1364 1.4467
v 0.4267 7.2712 1.3461
v 0.227 7.2537 1.3727
v 0.43 7.2715 1.3132
v 0.2293 7.256 1.3435
v 0.4466 7.2544 1.3149
v 0.2123 7.2149 1.3478
v 0.4576 7.2448 1.281
v 0.2021 7.1897 1.3131
v 0.4608 7.2386 1.248
v 0.198 7.1752 1.2775
v 0.459 7.2362 1.2229
v 0.198 7.1698 1.2499
v 0.4555 7.2365 1.204
v 0.1987 7.1696 1.2286
v 0.4505 7.2388 1.1864
v 0.1999 7.1726 1.2087
v 0.4425 7.243 1.1669
v 0.2028 7.1788 1.1864
v 0.4278 7.2493 1.1429
v 0.2112 7.1904 1.158
v 0.3917 7.3422 1.1205
v 0.3796 7.358 1.1216
v 0.2269 7.3536 1.1259
v 0.3447 7.384 1.1251
v 0.2005 7.2908 1.1264
v 0.3232 7.3906 1.1264
v 0.4331 7.2685 1.3583
v 0.2179 7.2467 1.3863
v 0.4639 7.2475 1.3245
v 0.1971 7.218 1.3871
v 0.1466 6.9329 1.5668
v 0.1618 7.1705 1.4211
v 0.4689 6.9935 1.3472
v 0.1222 6.7908 1.5171
v 0.1857 6.8348 1.4708
v 0.164 6.8001 1.4923
v 0.0604 6.7836 1.5474
v 0.1757 6.8899 1.4694
v 0.3642 6.702 1.3771
v 0.3392 6.7543 1.4028
v 0.3301 6.5598 1.3716
v 0.3328 6.599 1.3782
v 0.3221 6.6394 1.3931
v 0.3005 6.6785 1.4164
v 0.2012 6.8982 1.4623
v 0.2881 6.9327 1.4479
v 0.3255 6.8759 1.4218
v 0.3253 6.6909 1.3973
v 0.3851 6.8959 1.3979
v 0.5396 6.8469 1.2375
v 0.5819 6.8923 1.1801
v 0.5503 6.7903 1.1837
v 0.5905 6.8425 1.1234
v 0.35 6.6443 1.3741
v 0.3607 6.5936 1.3544
v 0.0676 6.3331 1.4894
v 0.1362 6.3502 1.4619
v 0.199 6.3798 1.4203
v 0.258 6.4162 1.3825
v 0.3074 6.4555 1.3526
v 0.3371 6.497 1.3416
v 0.3541 6.5439 1.3431
v 0.2806 6.3387 1.3327
v 0.2198 6.2877 1.3779
v 0.1512 6.2503 1.4211
v 0.0759 6.2327 1.4424
v 0.4012 6.5127 1.2651
v 0.3717 6.4489 1.269
v 0.3314 6.3918 1.2939
v 0.4203 6.6518 1.3134
v 0.4183 6.5831 1.2828
v 0.5853 7.0256 1.2159
v 0.6157 6.9493 1.1288
v 0.6238 6.9059 1.0719
v 0.6094 7.0755 1.1765
v 0.6369 7.0106 1.0872
v 0.6478 6.9751 1.0308
v 0.6221 7.1277 1.15
v 0.6486 7.0748 1.0587
v 0.6606 7.048 1.0028
v 0.6248 7.1799 1.1372
v 0.6539 7.1417 1.0447
v 0.6664 7.1234 0.9892
v 0.6232 7.2322 1.1362
v 0.6545 7.2113 1.045
v 0.6684 7.2016 0.9904
v 0.3674 7.722 1.387
v 0.5518 7.6212 1.2279
v 0.0605 7.7675 1.4941
v 0.16 7.7672 1.4763
v 0.6757 7.2836 0.9518
v 0.2608 7.7507 1.4389
v 0.4688 7.6793 1.3165
v 0.6595 7.3793 0.9949
v 0.6371 7.4697 1.0536
v 0.6063 7.5489 1.1373
v 0.6788 7.105 0.9307
v 0.6824 7.1932 0.9359
v 0.6718 7.0209 0.9421
v 0.6586 6.9395 0.9698
v 0.6306 6.8612 1.0068
v 0.5974 6.7871 1.0551
v 0.3877 6.5884 1.3243
v 0.5558 6.7241 1.1216
v 0.2546 7.1251 1.4238
v 0.2703 6.3698 1.3583
v 0.3779 6.5276 1.3063
v 0.21 6.3279 1.4032
v 0.0721 6.2773 1.4686
v 0.1467 6.2933 1.4487
v 0.3546 6.4719 1.3073
v 0.3184 6.4208 1.3262
v 0.3827 6.6489 1.3511
v 0.3236 7.1121 1.4116
v 0.0717 6.2082 1.4229
v 0.1506 6.2287 1.3991
v 0.2197 6.265 1.3568
v 0.2822 6.316 1.3088
v 0.342 6.3682 1.2606
v 0.388 6.4286 1.2295
v 0.4247 6.4983 1.2166
v 0.4555 6.5769 1.2187
v 0.513 7.7996 1.2336
v 0.5977 7.7181 1.1338
v 0.3979 7.8535 1.3143
v 0.2794 7.8928 1.3867
v 0.6637 7.519 0.9597
v 0.6439 7.6209 1.0421
v 0.6944 7.0747 0.831
v 0.6963 7.1793 0.8429
v 0.6875 7.2891 0.8658
v 0.6656 6.8737 0.831
v 0.6759 7.4083 0.8958
v 0.5537 6.5792 0.9688
v 0.5981 6.6629 0.8951
v 0.6339 6.7604 0.8453
v 0.0627 7.9172 1.4416
v 0.1569 7.9109 1.429
v 0.6824 6.973 0.8292
v 0.1339 7.1981 1.4261
v 0.1969 7.1465 1.4224
v 0.327 7.0815 1.42
v 0.2384 6.9838 1.455
v 0.1908 7.023 1.4578
v 0.1416 7.0264 1.4881
v 0.1531 7.0535 1.47
v 0.1171 7.0511 1.514
v 0.1227 7.0806 1.4911
v 0.0919 7.0715 1.5384
v 0.0942 7.1055 1.5132
v 0.2657 6.7257 1.4455
v 0.4284 7.5534 1.3656
v 0.5016 7.5142 1.3026
v 0.5562 7.4629 1.2394
v 0.5906 7.4069 1.1789
v 0.6143 7.3462 1.132
v 0.6313 7.284 1.1039
v 0.1529 7.605 1.5063
v 0.0601 6.8474 -0.1831
v 0.1596 6.8457 -0.1787
v 0.2663 6.8354 -0.1629
v 0.3585 6.8314 -0.1106
v 0.4374 6.8259 -0.0366
v 0.491 6.8269 0.0789
v 0.5313 6.837 0.2001
v 0.5565 6.8685 0.2919
v 0.5737 6.9028 0.3597
v 0.5715 6.8531 0.3925
v 0.5466 6.8114 0.3331
v 0.4852 6.7613 0.1028
v 0.4363 6.7613 -0.0135
v 0.3541 6.768 -0.0985
v 0.2592 6.7787 -0.1467
v 0.1566 6.7957 -0.1603
v 0.0579 6.8029 -0.1661
v 0.519 6.7708 0.2394
v 0.3904 6.768 1.3746
v 0.4396 6.7861 1.339
v 0.4105 6.7113 1.3456
v 0.4561 6.726 1.3001
v 0.4627 6.6568 1.2581
v 0.0671 6.186 1.3931
v 0.1479 6.2047 1.3714
v 0.2223 6.2432 1.3276
v 0.2882 6.2966 1.276
v 0.3489 6.3506 1.2285
v 0.3992 6.4105 1.1874
v 0.4451 6.482 1.1575
v 0.4984 6.5782 1.1305
v 0.5072 6.6769 1.1904
v 0.5038 6.7494 1.2464
v 0.4929 6.8105 1.2936
v 0.2505 7.1026 1.4335
v 0.4415 6.9187 1.3619
v 0.4001 6.9741 1.3914
v 0.1922 7.1282 1.4315
v 0.1505 7.1544 1.4326
v 0.3434 7.2524 1.0903
v 0.2947 7.2247 1.0952
v 0.3446 7.2873 1.0876
v 0.3441 7.3018 1.0885
v 0.3403 7.3284 1.0933
v 0.3352 7.3399 1.0963
v 0.2757 7.3384 1.0971
v 0.3228 7.3581 1.103
v 0.263 7.2951 1.0906
v 0.3174 7.3651 1.1066
v 0.2474 7.5971 1.4697
v 0.0625 7.6057 1.5264
v 0.2605 6.7911 1.4444
v 0.309 6.805 1.4232
v 0.5174 6.8972 1.2747
v 0.5673 6.9391 1.2261
v 0.6047 6.9888 1.1778
v 0.6255 7.0434 1.1377
v 0.6351 7.1014 1.1077
v 0.6387 7.1609 1.0956
v 0.6383 7.2218 1.0939
v 0.2297 6.7759 1.4643
v 0.4158 6.8411 1.3714
v 0.3629 6.8226 1.4008
v 0.4691 6.8653 1.3304
v 0.1018 6.7424 1.5479
v 0.1311 6.4969 1.4946
v 0.0536 6.4841 1.5131
v 0.2614 6.5832 1.4147
v 0.2715 6.6198 1.4203
v 0.1731 6.7153 1.5094
v 0.1678 6.7546 1.5023
v 0.0185 6.7535 1.5689
v 0.0409 6.7588 1.5645
v 0.0667 6.7636 1.553
v 0.095 6.7665 1.538
v 0.0928 6.8064 1.4486
v 0.0922 6.7507 1.4718
v 0.0963 6.7072 1.4758
v 0.1004 6.6617 1.4764
v 0.1453 6.6894 1.5479
v 0.1424 6.6786 1.5485
v 0.134 6.6383 1.5383
v 0.1438 6.7052 1.5442
v 0.148 6.941 0.8298
v 0.1556 6.9802 1.0279
v 0.1108 6.9531 1.2282
v 0.1008 6.8816 1.3669
v 0.1085 6.629 1.4911
v 0.1094 6.6193 1.5003
v 0.1381 6.6581 1.5424
v 0.1288 6.6148 1.5361
v 0.1291 6.7639 1.5213
v 0.1358 6.734 1.528
v 0.0904 6.688 0.5716
v 0.1199 6.8306 0.6701
v 0.6387 7.9999 0.1434
v 0.7466 7.6047 0.3576
v 0.1696 8.2975 -0.045
v 0.3043 8.2673 -0.0299
v 0.7194 7.341 0.3701
v 0.379 7.7872 -0.2993
v 0.4796 7.7443 -0.2261
v 0.6808 7.5439 0.1073
v 0.7175 7.408 0.3081
v 0.5616 7.6829 -0.1067
v 0.6301 7.6164 0.0013
v 0.7104 7.472 0.2224
v 0.1389 7.8254 -0.3578
v 0.2621 7.813 -0.3436
v 0.6917 7.2526 0.3318
v 0.6288 7.3377 0.0561
v 0.6826 7.2912 0.2601
v 0.4284 7.4129 -0.2642
v 0.5082 7.3928 -0.1662
v 0.5759 7.3667 -0.0559
v 0.336 7.4254 -0.3279
v 0.6705 7.3175 0.1632
v 0.1142 7.4354 -0.3882
v 0.2278 7.4298 -0.3715
v 0.6951 7.5771 0.8545
v 0.749 7.6713 0.5736
v 0.7399 7.6635 0.661
v 0.7274 7.6428 0.7364
v 0.6984 7.4427 0.807
v 0.74 7.5479 0.5746
v 0.7343 7.5406 0.6403
v 0.7213 7.5164 0.7061
v 0.7048 7.2982 0.7574
v 0.7322 7.4481 0.577
v 0.7281 7.4384 0.6269
v 0.7192 7.4112 0.6785
v 0.6226 6.8372 0.5262
v 0.6058 6.8684 0.4731
v 0.6328 7.036 0.3577
v 0.6108 6.9378 0.4058
v 0.6042 6.8973 0.439
v 0.7037 7.1669 0.7447
v 0.7092 7.0446 0.6429
v 0.8224 7.3475 0.4834
v 0.7204 6.9045 0.6128
v 0.7852 7.3438 0.5481
v 0.8506 7.3134 0.4059
v 0.8566 7.2535 0.3663
v 0.8109 7.102 0.3558
v 0.8355 7.1602 0.3442
v 0.7442 6.8525 0.5724
v 0.7084 6.9745 0.6333
v 0.8565 7.2842 0.3853
v 0.8531 7.216 0.354
v 0.7141 7.1672 0.6576
v 0.7514 7.3221 0.5774
v 0.7275 7.2882 0.6077
v 0.7227 7.2537 0.6335
v 0.7492 6.8572 0.5198
v 0.7432 6.8798 0.486
v 0.7827 7.0454 0.3707
v 0.7617 6.9666 0.4108
v 0.7495 6.9175 0.4435
v 0.7123 7.1093 0.654
v 0.7296 7.0492 0.6189
v 0.842 7.3293 0.483
v 0.726 6.9307 0.5986
v 0.805 7.3232 0.5506
v 0.8719 7.3089 0.421
v 0.8793 7.2405 0.3754
v 0.8334 7.1048 0.36
v 0.8535 7.157 0.3544
v 0.7381 6.8988 0.567
v 0.7316 6.9908 0.617
v 0.8789 7.2699 0.3923
v 0.8725 7.2053 0.3646
v 0.7213 7.1519 0.6305
v 0.7783 7.3061 0.5789
v 0.7562 7.2641 0.602
v 0.7397 7.2332 0.6156
v 0.7512 6.8967 0.529
v 0.7565 6.9091 0.4903
v 0.814 7.0583 0.3729
v 0.7891 6.9884 0.4143
v 0.7671 6.9346 0.4569
v 0.7199 7.1027 0.6275
v 0.7468 7.0476 0.6024
v 0.8365 7.3162 0.4832
v 0.7284 6.9529 0.5871
v 0.8089 7.3035 0.5521
v 0.8666 7.2959 0.431
v 0.8691 7.23 0.3885
v 0.8401 7.0993 0.3735
v 0.8577 7.1536 0.3749
v 0.7385 6.927 0.56
v 0.741 7.0062 0.5986
v 0.8744 7.2613 0.4019
v 0.8637 7.1937 0.3785
v 0.729 7.141 0.6129
v 0.7818 7.2788 0.5755
v 0.7606 7.2472 0.5938
v 0.7484 7.2172 0.606
v 0.7477 6.9204 0.5276
v 0.7591 6.9293 0.4949
v 0.8208 7.0695 0.3863
v 0.7939 7.0035 0.4252
v 0.7732 6.955 0.4626
v 0.728 7.0973 0.609
v 0.7178 7.0609 0.582
v 0.8126 7.2892 0.4833
v 0.6874 6.9946 0.5713
v 0.7712 7.285 0.5345
v 0.8234 7.279 0.444
v 0.8403 7.2183 0.4067
v 0.8178 7.0964 0.4059
v 0.8285 7.141 0.3996
v 0.7386 6.9659 0.5504
v 0.6989 7.0263 0.5791
v 0.8597 7.2517 0.4219
v 0.8415 7.1845 0.4009
v 0.736 7.1289 0.5941
v 0.7557 7.2667 0.5525
v 0.7466 7.2256 0.5753
v 0.7425 7.1956 0.5865
v 0.7472 6.9595 0.5255
v 0.7587 6.9684 0.4991
v 0.8042 7.0771 0.4098
v 0.7851 7.0278 0.4405
v 0.7709 6.9832 0.4736
v 0.7257 7.0947 0.5897
v 0.6865 7.0837 0.5632
v 0.7933 7.2306 0.4978
v 0.6872 7.052 0.5323
v 0.7588 7.2327 0.5225
v 0.8197 7.2219 0.481
v 0.8354 7.1962 0.4529
v 0.8154 7.1153 0.4351
v 0.8254 7.1361 0.4361
v 0.7013 7.0358 0.5178
v 0.6811 7.0668 0.5501
v 0.8301 7.2119 0.4665
v 0.8358 7.1702 0.443
v 0.7324 7.1199 0.5738
v 0.7414 7.2236 0.5432
v 0.7406 7.1965 0.5554
v 0.7344 7.1664 0.5626
v 0.7256 7.026 0.5066
v 0.7676 7.022 0.4964
v 0.8096 7.0946 0.4406
v 0.7899 7.0508 0.4655
v 0.7794 7.0301 0.4828
v 0.7109 7.1001 0.5688
v 0.7439 7.1263 0.5534
v 0.78 7.0944 0.4614
v 0.7909 7.0833 0.4564
v 0.7399 7.1341 0.5631
v 0.7093 7.1014 0.5558
v 0.7651 7.0497 0.4784
v 0.7757 7.0653 0.4637
v 0.7995 7.1019 0.45
v 0.74 7.044 0.4857
v 0.7142 7.0478 0.4924
v 0.7334 7.1519 0.553
v 0.7332 7.1734 0.5431
v 0.7563 7.1975 0.5378
v 0.7314 7.1159 0.5646
v 0.823 7.1639 0.4564
v 0.8162 7.191 0.4765
v 0.6922 7.0764 0.5351
v 0.7053 7.0541 0.5089
v 0.8152 7.136 0.449
v 0.8087 7.1191 0.4487
v 0.8215 7.1807 0.4659
v 0.8083 7.1983 0.4896
v 0.064 6.9013 -0.2039
v 0.1627 6.9047 -0.2003
v 0.2706 6.9041 -0.1804
v 0.5759 8.0001 1.0417
v 0.4583 8.0922 1.1298
v 0.3646 6.9074 -0.1303
v 0.6613 7.8798 0.9444
v 0.7051 7.7485 0.8607
v 0.4432 6.9044 -0.0508
v 0.3301 8.1536 1.1938
v 0.0796 8.2067 1.2477
v 0.4987 6.9081 0.0566
v 0.5698 6.9348 0.2576
v 0.5867 6.9589 0.3259
v 0.1848 8.1866 1.2343
v 0.5392 6.9134 0.174
v 0.7131 7.6112 0.7985
v 0.7095 7.4826 0.7575
v 0.7108 7.3681 0.7193
v 0.6216 6.9859 0.3787
v 0.7169 7.2151 0.6499
v 0.7722 7.006 0.3907
v 0.7281 7.1954 0.6272
v 0.8015 7.0233 0.3936
v 0.7368 7.181 0.6126
v 0.8062 7.0324 0.4077
v 0.742 7.1631 0.5938
v 0.7945 7.0498 0.4254
v 0.7398 7.1428 0.5717
v 0.8001 7.0729 0.4509
v 0.7807 7.2063 0.5254
v 0.696 7.0637 0.5226
v 0.7986 7.2026 0.5045
v 0.6926 7.0893 0.5454
v 0.7695 7.2617 0.5278
v 0.7137 7.0979 0.5786
v 0.6851 7.0758 0.5748
v 0.7903 7.0381 0.4579
v 0.7744 7.0025 0.4791
v 0.7417 7.208 0.562
v 0.7544 7.2478 0.5444
v 0.675 7.0536 0.5631
v 0.8396 7.2103 0.4326
v 0.8434 7.1786 0.4207
v 0.7491 6.9949 0.5247
v 0.717 7.0067 0.5361
v 0.7334 7.1229 0.5816
v 0.7356 7.1785 0.5709
v 0.8316 7.2376 0.4478
v 0.8259 7.2495 0.4673
v 0.8172 7.1095 0.4185
v 0.8243 7.1357 0.4157
v 0.8114 7.0876 0.423
v 0.7661 6.9928 0.5012
v 0.6816 7.0303 0.5493
v 0.8125 7.2614 0.4902
v 0.7401 7.1504 0.5795
v 0.8016 7.0631 0.4412
v 0.7615 7.0775 0.4786
v 0.7249 7.0971 0.53
v 0.7495 7.1281 0.533
v 0.7266 7.1375 0.5211
v 0.783 7.1805 0.4906
v 0.7717 6.9758 0.4699
v 0.7306 7.0954 0.5963
v 0.8104 7.3009 0.4833
v 0.7394 7.1695 0.5242
v 0.7333 7.1101 0.5545
v 0.8652 7.2552 0.4143
v 0.7474 7.205 0.5964
v 0.7427 7.0565 0.586
v 0.739 6.9485 0.5557
v 0.7427 7.0597 0.4824
v 0.7326 7.0623 0.4924
v 0.8051 7.1597 0.4673
v 0.7939 7.1753 0.4822
v 0.7784 7.1425 0.4633
v 0.7729 7.1837 0.5007
v 0.7018 7.0924 0.5258
v 0.7698 7.1323 0.4606
v 0.7749 7.1598 0.4762
v 0.7088 7.1018 0.5407
v 0.7593 7.0655 0.4756
v 0.7712 7.0785 0.4675
v 0.7819 7.1107 0.455
v 0.7325 7.1375 0.5427
v 0.7262 7.1511 0.5303
v 0.78 7.1548 0.4689
v 0.7687 7.1637 0.4845
v 0.7548 7.0697 0.4849
v 0.752 7.0737 0.4916
v 0.8004 7.0469 0.4232
v 0.7413 7.1706 0.6022
v 0.7059 7.0852 0.5203
v 0.722 7.0694 0.5021
v 0.7989 7.138 0.4584
v 0.7343 7.0882 0.5182
v 0.7471 7.079 0.5007
v 0.7896 7.1251 0.4553
v 0.8014 7.1683 0.4744
v 0.7625 7.1666 0.4938
v 0.7513 7.1202 0.5429
v 0.7673 7.1052 0.4653
v 0.7541 7.1791 0.5197
v 0.7139 7.0774 0.5125
v 0.7553 7.1694 0.5018
v 0.7277 7.0927 0.5246
v 0.8433 7.1895 0.3933
v 0.7596 7.276 0.5591
v 0.7133 6.9817 0.5758
v 0.7651 7.1198 0.4601
v 0.7665 7.0903 0.4715
v 0.7588 6.9551 0.4975
v 0.8356 7.1406 0.3948
v 0.856 7.2816 0.4393
v 0.7345 7.1335 0.6016
v 0.7341 7.1541 0.5151
v 0.7374 7.107 0.541
v 0.7427 7.1649 0.5116
v 0.7402 7.0839 0.5095
v 0.8609 7.222 0.3992
v 0.7473 6.9465 0.5254
v 0.8118 7.0747 0.4087
v 0.8216 7.0956 0.403
v 0.7519 7.2345 0.5848
v 0.7895 7.0232 0.4372
v 0.7742 7.2938 0.5415
v 0.7161 7.0153 0.5872
v 0.7361 7.1424 0.4947
v 0.752 7.1175 0.5074
v 0.7314 7.1254 0.4987
v 0.7572 7.1056 0.5133
v 0.7512 7.0941 0.5161
v 0.7523 7.1114 0.5282
v 0.7432 7.1213 0.4749
v 0.7504 7.1108 0.4803
v 0.7484 7.1405 0.4764
v 0.7656 7.0978 0.4803
v 0.761 7.085 0.4854
v 0.7599 7.1024 0.5012
v 0.7549 7.092 0.5051
v 0.7297 7.1302 0.5112
v 0.7521 7.1233 0.5227
v 0.733 7.1458 0.5048
v 0.7457 7.0973 0.5259
v 0.7422 7.1413 0.4856
v 0.7509 7.1136 0.4958
v 0.7355 7.1225 0.4871
v 0.7572 7.1378 0.4682
v 0.7561 7.1087 0.4697
v 0.7523 7.1206 0.4674
v 0.7635 7.1013 0.4907
v 0.7581 7.0895 0.4944
v 0.7193 7.0959 0.5843
v 0.7714 6.9922 0.4746
v 0.7556 7.257 0.548
v 0.8409 7.1817 0.4106
v 0.7364 6.9848 0.5463
v 0.7383 7.1872 0.5782
v 0.837 7.2465 0.4321
v 0.8174 7.0973 0.4123
v 0.8103 7.0789 0.4162
v 0.7663 7.2745 0.5292
v 0.6985 7.0682 0.5785
v 0.789 7.0343 0.4442
v 0.744 7.2174 0.5684
v 0.6822 7.04 0.5712
v 0.8378 7.2173 0.4164
v 0.7481 6.9746 0.5258
v 0.735 7.1256 0.5878
v 0.8182 7.2694 0.4517
v 0.8303 7.1344 0.407
v 0.7613 6.9782 0.4998
v 0.6819 7.015 0.5616
v 0.816 7.2763 0.4878
v 0.7412 7.1567 0.5865
v 0.7983 7.0515 0.4313
v 0.7603 7.165 0.3903
v 0.7966 7.3072 0.4397
v 0.7739 7.3232 0.4868
v 0.7466 7.0992 0.4005
v 0.7065 7.0453 0.6631
v 0.7008 6.9657 0.6492
v 0.8046 7.2823 0.4097
v 0.7964 7.2514 0.3992
v 0.7122 6.8928 0.6269
v 0.7278 6.8229 0.5791
v 0.7058 6.8698 0.4887
v 0.6993 6.9424 0.482
v 0.7098 7.1212 0.6763
v 0.7115 7.1913 0.6809
v 0.7104 6.9839 0.4567
v 0.7279 7.3134 0.6133
v 0.7203 7.2832 0.6455
v 0.7847 7.2124 0.3902
v 0.7335 7.3259 0.5839
v 0.7407 7.3221 0.544
v 0.7137 6.8396 0.52
v 0.7294 7.055 0.421
v 0.7148 7.2444 0.6682
v 0.7175 7.0272 0.4364
v 0.7054 7.1693 0.3865
v 0.7374 7.3125 0.4435
v 0.682 7.1006 0.3947
v 0.7036 7.05 0.6915
v 0.7361 7.2546 0.4039
v 0.6904 6.8783 0.6416
v 0.6538 6.894 0.4989
v 0.7081 7.2287 0.7093
v 0.7263 7.359 0.6186
v 0.7309 7.3662 0.5311
v 0.6718 7.052 0.4073
v 0.7325 7.3479 0.4668
v 0.697 6.9594 0.6723
v 0.738 7.2867 0.4201
v 0.6952 6.8252 0.5854
v 0.6511 6.9297 0.4734
v 0.7078 7.14 0.7061
v 0.6578 6.9691 0.448
v 0.7185 7.3321 0.6586
v 0.7239 7.2201 0.3929
v 0.731 7.3694 0.5817
v 0.6691 6.8585 0.5442
v 0.7128 7.2911 0.6885
v 0.6668 7.0124 0.4247
v 0.3112 7.3315 1.404
v 0.349 7.3309 1.3983
v 0.4385 7.293 1.3556
v 0.4343 7.3011 1.3614
v 0.4287 7.3075 1.3664
v 0.4104 7.3179 1.3778
v 0.3833 7.325 1.39
v 0.2723 7.3235 1.4007
v 0.1851 7.2669 1.3746
v 0.197 7.2598 1.3673
v 0.2123 7.256 1.3723
v 0.1934 7.2802 1.3747
v 0.2018 7.2875 1.3795
v 0.1847 7.274 1.3768
v 0.4248 7.2676 1.3613
v 0.2424 7.2487 1.3858
v 0.276 7.2434 1.3936
v 0.2116 7.2952 1.3827
v 0.3114 7.2398 1.3999
v 0.2353 7.3097 1.3898
v 0.3519 7.2408 1.3967
v 0.3848 7.2478 1.3835
v 0.4071 7.2569 1.3739
v 0.4342 7.275 1.3509
v 0.4377 7.2824 1.3492
v 0.4394 7.2875 1.3509
v 0.2244 7.2529 1.3785
v 0.4296 7.2711 1.3557
v 0.2808 7.2953 1.392
v 0.2549 7.306 1.3835
v 0.2101 7.3246 1.3511
v 0.1801 7.337 1.3026
v 0.1696 7.3414 1.2454
v 0.1801 7.337 1.1881
v 0.2101 7.3246 1.1396
v 0.2549 7.306 1.1072
v 0.2808 7.2953 1.0987
v 0.2966 7.3111 1.392
v 0.2859 7.337 1.3835
v 0.2673 7.3818 1.3511
v 0.2549 7.4118 1.3026
v 0.2505 7.4223 1.2454
v 0.2549 7.4118 1.1881
v 0.2673 7.3818 1.1396
v 0.2859 7.337 1.1072
v 0.2966 7.3111 1.0987
v 0.3189 7.3111 1.392
v 0.3297 7.337 1.3835
v 0.3482 7.3818 1.3511
v 0.3607 7.4118 1.3026
v 0.365 7.4223 1.2454
v 0.3607 7.4118 1.1881
v 0.3482 7.3818 1.1396
v 0.3297 7.337 1.1072
v 0.3189 7.3111 1.0987
v 0.3347 7.2953 1.392
v 0.3607 7.306 1.3835
v 0.4055 7.3246 1.3511
v 0.4354 7.337 1.3026
v 0.4459 7.3414 1.2454
v 0.4354 7.337 1.1881
v 0.4055 7.3246 1.1396
v 0.3607 7.306 1.1072
v 0.3347 7.2953 1.0987
v 0.3347 7.273 1.392
v 0.3607 7.2622 1.3835
v 0.4055 7.2437 1.3511
v 0.4354 7.2313 1.3026
v 0.4459 7.2269 1.2454
v 0.4354 7.2313 1.1881
v 0.4055 7.2437 1.1396
v 0.3607 7.2622 1.1072
v 0.3347 7.273 1.0987
v 0.3189 7.2572 1.392
v 0.3297 7.2313 1.3835
v 0.3482 7.1864 1.3511
v 0.3607 7.1565 1.3026
v 0.365 7.146 1.2454
v 0.3607 7.1565 1.1881
v 0.3482 7.1864 1.1396
v 0.3297 7.2313 1.1072
v 0.3189 7.2572 1.0987
v 0.2966 7.2572 1.392
v 0.2859 7.2313 1.3835
v 0.2673 7.1864 1.3511
v 0.2549 7.1565 1.3026
v 0.2505 7.146 1.2454
v 0.2549 7.1565 1.1881
v 0.2673 7.1864 1.1396
v 0.2859 7.2313 1.1072
v 0.2966 7.2572 1.0987
v 0.2808 7.273 1.392
v 0.2549 7.2622 1.3835
v 0.2101 7.2437 1.3511
v 0.1801 7.2313 1.3026
v 0.1696 7.2269 1.2454
v 0.1801 7.2313 1.1881
v 0.2101 7.2437 1.1396
v 0.2549 7.2622 1.1072
v 0.2808 7.273 1.0987
v -0.2808 7.2953 1.392
v -0.2549 7.306 1.3835
v -0.2101 7.3246 1.3511
v -0.1801 7.337 1.3026
v -0.1696 7.3414 1.2454
v -0.1801 7.337 1.1881
v -0.2101 7.3246 1.1396
v -0.2549 7.306 1.1072
v -0.2808 7.2953 1.0987
v -0.2966 7.3111 1.392
v -0.2859 7.337 1.3835
v -0.2673 7.3818 1.3511
v -0.2549 7.4118 1.3026
v -0.2505 7.4223 1.2454
v -0.2549 7.4118 1.1881
v -0.2673 7.3818 1.1396
v -0.2859 7.337 1.1072
v -0.2966 7.3111 1.0987
v -0.3189 7.3111 1.392
v -0.3297 7.337 1.3835
v -0.3482 7.3818 1.3511
v -0.3607 7.4118 1.3026
v -0.365 7.4223 1.2454
v -0.3607 7.4118 1.1881
v -0.3482 7.3818 1.1396
v -0.3297 7.337 1.1072
v -0.3189 7.3111 1.0987
v -0.3347 7.2953 1.392
v -0.3607 7.306 1.3835
v -0.4055 7.3246 1.3511
v -0.4354 7.337 1.3026
v -0.4459 7.3414 1.2454
v -0.4354 7.337 1.1881
v -0.4055 7.3246 1.1396
v -0.3607 7.306 1.1072
v -0.3347 7.2953 1.0987
v -0.3347 7.273 1.392
v -0.3607 7.2622 1.3835
v -0.4055 7.2437 1.3511
v -0.4354 7.2313 1.3026
v -0.4459 7.2269 1.2454
v -0.4354 7.2313 1.1881
v -0.4055 7.2437 1.1396
v -0.3607 7.2622 1.1072
v -0.3347 7.273 1.0987
v -0.3189 7.2572 1.392
v -0.3297 7.2313 1.3835
v -0.3482 7.1864 1.3511
v -0.3607 7.1565 1.3026
v -0.365 7.146 1.2454
v -0.3607 7.1565 1.1881
v -0.3482 7.1864 1.1396
v -0.3297 7.2313 1.1072
v -0.3189 7.2572 1.0987
v -0.2966 7.2572 1.392
v -0.2859 7.2313 1.3835
v -0.2673 7.1864 1.3511
v -0.2549 7.1565 1.3026
v -0.2505 7.146 1.2454
v -0.2549 7.1565 1.1881
v -0.2673 7.1864 1.1396
v -0.2859 7.2313 1.1072
v -0.2966 7.2572 1.0987
v -0.2808 7.273 1.392
v -0.2549 7.2622 1.3835
v -0.2101 7.2437 1.3511
v -0.1801 7.2313 1.3026
v -0.1696 7.2269 1.2454
v -0.1801 7.2313 1.1881
v -0.2101 7.2437 1.1396
v -0.2549 7.2622 1.1072
v -0.2808 7.273 1.0987
g body
f 1355 1 2 1354
f 5 3 4 6
f 1356 1355 3 8
f 8 3 5 9
f 11 8 9 12
f 1357 1356 8 11
f 14 11 12 15
f 1358 1357 11 14
f 17 14 15 18
f 1359 1358 14 17
f 20 17 18 21
f 1360 1359 17 20
f 23 20 21 24
f 1361 1360 20 23
f 26 23 24 27
f 1362 1361 23 26
f 29 26 27 30
f 1363 1362 26 29
f 1434 29 30 1433
f 1484 1363 29 1434
f 38 35 36 39
f 1366 1365 35 38
f 1369 1368 44 47
f 47 44 43 46
f 1370 1369 47 50
f 50 47 46 49
f 1485 1370 50 1436
f 1436 50 49 1438
f 1372 1354 2 55
f 57 6 4 56
f 60 57 56 59
f 1373 1372 55 58
f 63 60 59 62
f 1374 1373 58 61
f 102 63 62 101
f 1379 1374 61 103
f 69 66 65 68
f 1376 1375 64 67
f 72 69 68 71
f 1377 1376 67 70
f 75 72 71 74
f 1378 1377 70 73
f 1392 39 36 1397
f 1487 1438 49 1396
f 1396 49 46 1394
f 1394 1393 79 80
f 1486 1433 30 1390
f 1390 30 27 1388
f 1388 27 24 1387
f 1387 24 21 1386
f 1386 21 18 1385
f 1385 18 15 1384
f 1405 12 9 1383
f 1403 5 6 1404
f 1404 6 57 1402
f 1383 9 5 1403
f 1381 60 63 1382
f 1402 57 60 1381
f 1384 1405 93 83
f 1400 66 69 1401
f 1401 69 72 1399
f 1399 72 75 1380
f 1398 1400 97 104
f 66 102 101 65
f 1375 1379 103 64
f 1382 1398 104 96
f 109 104 97 105
f 105 97 98 106
f 106 98 99 107
f 107 99 100 108
f 119 114 110 115
f 116 111 112 117
f 117 112 113 118
f 115 110 111 116
f 125 119 115 121
f 121 115 116 122
f 122 116 117 123
f 123 117 118 124
f 131 125 121 127
f 120 126 130 124
f 127 121 122 128
f 128 122 123 129
f 129 123 124 130
f 137 131 127 133
f 126 132 136 130
f 133 127 128 134
f 134 128 129 135
f 135 129 130 136
f 79 141 142 80
f 143 81 80 142
f 1441 1439 81 143
f 139 77 76 138
f 148 86 85 147
f 150 88 87 149
f 147 85 84 146
f 149 87 86 148
f 146 84 83 145
f 155 93 92 154
f 156 94 95 157
f 154 92 90 152
f 153 91 94 156
f 157 95 96 158
f 152 90 91 153
f 109 158 96 104
f 83 93 155 145
f 114 119 167 166
f 119 125 168 167
f 125 131 169 168
f 131 137 170 169
f 181 175 176 182
f 178 172 175 181
f 179 173 171 177
f 180 174 173 179
f 177 171 172 178
f 166 167 182 176
f 195 187 186 194
f 194 186 159 189
f 196 188 187 195
f 189 159 160 190
f 190 160 161 191
f 174 180 191 161
f 208 180 179 207
f 180 208 213 191
f 206 178 181 209
f 209 181 182 210
f 217 195 194 216
f 216 194 189 211
f 218 196 195 217
f 211 189 190 212
f 205 177 178 206
f 1446 1444 196 218
f 212 190 191 213
f 207 179 177 205
f 167 168 210 182
f 168 169 222 210
f 169 170 221 222
f 226 208 207 225
f 225 207 205 223
f 223 205 206 224
f 229 222 221 228
f 234 209 229 236
f 230 223 224 231
f 209 210 222 229
f 233 226 225 232
f 236 229 228 235
f 232 225 223 230
f 237 234 236 239
f 239 236 235 238
f 1587 243 242 1586
f 1586 242 240 1588
f 1588 240 241 1589
f 259 218 217 258
f 257 216 211 254
f 258 217 216 257
f 255 212 213 256
f 1448 1446 218 259
f 254 211 212 255
f 262 255 256 263
f 261 254 255 262
f 264 257 254 261
f 226 256 213 208
f 226 233 263 256
f 1590 266 267 1591
f 1587 250 273 1591
f 1548 243 267 1557
f 1596 1590 272 819
f 828 915 914 826
f 295 1491 847 294
f 281 279 280 282
f 1451 281 282 1450
f 199 203 282 280
f 1450 282 203 1445
f 290 1427 847 291
f 292 202 201 291
f 201 200 290 291
f 1427 293 294 847
f 1491 292 291 847
f 198 204 1426 284
f 200 199 280 290
f 275 299 300 276
f 337 338 319 320
f 301 306 307 302
f 299 304 305 300
f 308 303 302 307
f 306 311 312 307
f 304 309 310 305
f 313 308 307 312
f 311 316 317 312
f 309 314 315 310
f 318 313 312 317
f 334 361 360 286
f 287 334 335 321
f 366 328 275 365
f 325 322 323 324
f 326 325 324 327
f 299 275 328 329
f 304 299 329 330
f 309 304 330 331
f 314 309 331 332
f 286 314 332 333
f 334 286 333 335
f 287 321 326 327
f 319 327 324 320
f 320 324 323 288
f 1411 1409 297 298
f 365 368 288 323
f 278 279 281 339
f 1451 283 340 1453
f 283 285 341 340
f 359 287 327 319
f 1424 1504 1505 1425
f 316 342 343 317
f 344 318 317 343
f 321 345 348 326
f 345 321 335 355
f 331 352 353 332
f 328 349 350 329
f 347 325 326 348
f 329 350 351 330
f 366 367 349 328
f 332 353 354 333
f 346 322 325 347
f 355 335 333 354
f 330 351 352 331
f 1429 344 343 1428
f 378 379 369 364
f 406 372 371 407
f 286 360 315 314
f 361 334 287 359
f 322 366 365 323
f 275 276 368 365
f 322 346 367 366
f 405 374 372 406
f 456 363 358 455
f 1699 1429 1428 1700
f 353 390 391 354
f 384 347 348 385
f 392 355 354 391
f 345 382 385 348
f 349 386 387 350
f 350 387 388 351
f 382 345 355 392
f 393 367 346 383
f 351 388 389 352
f 367 393 386 349
f 352 389 390 353
f 383 346 347 384
f 396 393 383 394
f 394 383 384 395
f 399 396 394 397
f 397 394 395 398
f 396 387 386 393
f 384 385 382 395
f 382 392 398 395
f 398 392 391 390
f 397 398 390 389
f 399 397 389 388
f 396 399 388 387
f 374 400 401 372
f 372 401 402 371
f 364 369 408 409
f 1701 1700 1428 1431
f 409 413 414 412
f 413 415 416 414
f 499 417 418 498
f 417 419 420 418
f 419 421 422 420
f 426 423 424 427
f 501 426 427 502
f 432 429 430 433
f 435 432 433 436
f 440 443 442 441
f 447 446 445 438
f 425 413 409 408
f 415 413 425 428
f 499 415 428 500
f 419 417 431 434
f 421 419 434 437
f 370 362 404 403
f 503 504 443 440
f 438 445 444 439
f 405 406 441 442
f 357 356 457 451
f 1708 448 449 1709
f 1718 505 450 1710
f 1702 1495 1430 1703
f 1721 1697 411 1711
f 507 506 454 460
f 458 452 453 459
f 508 507 460 463
f 461 458 459 462
f 509 508 463 466
f 464 461 462 465
f 510 509 466 469
f 467 464 465 468
f 1719 471 454 1710
f 460 454 471 472
f 463 460 472 473
f 466 463 473 474
f 469 466 474 475
f 1711 411 448 1708
f 452 458 457 410
f 451 457 458 461
f 461 464 455 451
f 456 455 464 467
f 478 440 441 479
f 476 438 439 477
f 511 503 440 478
f 406 407 479 441
f 481 485 479 407
f 478 479 485 484
f 511 478 484 512
f 512 483 477 511
f 476 477 483 482
f 513 512 484 490
f 490 484 485 491
f 1693 1692 480 486
f 481 487 491 485
f 488 482 483 489
f 415 499 498 416
f 429 501 502 430
f 417 499 500 431
f 439 444 504 503
f 1709 449 505 1718
f 459 453 506 507
f 462 459 507 508
f 465 462 508 509
f 468 465 509 510
f 477 439 503 511
f 482 519 520 476
f 489 483 512 513
f 519 482 488 518
f 471 516 515 472
f 472 515 523 473
f 1719 1717 516 471
f 519 536 537 520
f 447 438 476 520
f 474 522 521 475
f 473 523 522 474
f 527 435 436 528
f 522 539 538 521
f 525 421 437 529
f 516 533 532 515
f 530 446 447 531
f 536 553 554 537
f 523 540 539 522
f 536 519 518 535
f 515 532 540 523
f 531 447 520 537
f 1717 1716 533 516
f 421 525 526 422
f 539 556 555 538
f 532 549 557 540
f 540 557 556 539
f 553 536 535 552
f 1716 1707 550 533
f 547 530 531 548
f 542 525 529 546
f 525 542 543 526
f 533 550 549 532
f 571 554 553 570
f 548 531 537 554
f 544 527 528 545
f 565 548 554 571
f 561 544 545 562
f 556 573 572 555
f 549 566 574 557
f 557 574 573 556
f 570 553 552 569
f 1707 1706 567 550
f 564 547 548 565
f 559 542 546 563
f 542 559 560 543
f 550 567 566 549
f 570 587 588 571
f 605 588 587 604
f 582 565 571 588
f 578 561 562 579
f 573 590 589 572
f 566 583 591 574
f 574 591 590 573
f 587 570 569 586
f 1706 1705 584 567
f 581 564 565 582
f 576 559 563 580
f 559 576 577 560
f 671 677 694 688
f 567 584 583 566
f 593 576 580 597
f 576 593 594 577
f 654 660 677 671
f 584 601 600 583
f 604 621 622 605
f 599 582 588 605
f 660 654 637 643
f 595 578 579 596
f 590 607 606 589
f 643 637 620 626
f 583 600 608 591
f 591 608 607 590
f 604 587 586 603
f 1705 1704 601 584
f 598 581 582 599
f 607 624 623 606
f 620 603 609 626
f 600 617 625 608
f 608 625 624 607
f 621 604 603 620
f 1704 1715 618 601
f 615 598 599 616
f 610 593 597 614
f 593 610 611 594
f 592 609 603 586
f 601 618 617 600
f 639 622 621 638
f 616 599 605 622
f 586 569 575 592
f 612 595 596 613
f 633 616 622 639
f 569 552 558 575
f 629 612 613 630
f 624 641 640 623
f 552 535 541 558
f 617 634 642 625
f 625 642 641 624
f 638 621 620 637
f 1715 1714 635 618
f 632 615 616 633
f 627 610 614 631
f 610 627 628 611
f 535 518 524 541
f 618 635 634 617
f 639 638 655 656
f 672 673 656 655
f 650 633 639 656
f 518 488 494 524
f 646 629 630 647
f 641 658 657 640
f 488 489 495 494
f 634 651 659 642
f 642 659 658 641
f 655 638 637 654
f 1714 1713 652 635
f 649 632 633 650
f 644 627 631 648
f 627 644 645 628
f 514 495 489 513
f 635 652 651 634
f 658 675 674 657
f 513 490 496 514
f 651 668 676 659
f 659 676 675 658
f 672 655 654 671
f 1713 1712 669 652
f 666 649 650 667
f 661 644 648 665
f 644 661 662 645
f 490 491 497 496
f 652 669 668 651
f 689 690 673 672
f 667 650 656 673
f 493 497 491 487
f 663 646 647 664
f 678 661 665 682
f 661 678 679 662
f 669 686 685 668
f 684 667 673 690
f 680 663 664 681
f 675 692 691 674
f 668 685 693 676
f 676 693 692 675
f 689 672 671 688
f 1712 1723 686 669
f 683 666 667 684
f 700 683 684 701
f 706 707 690 689
f 688 694 711 705
f 695 678 682 699
f 678 695 696 679
f 687 679 696 704
f 701 684 690 707
f 697 680 681 698
f 692 709 708 691
f 685 702 710 693
f 693 710 709 692
f 689 688 705 706
f 1723 1722 703 686
f 703 702 685 686
f 1722 704 696 695
f 700 701 695 699
f 1589 241 251 1602
f 724 486 480 723
f 713 726 381 380
f 400 730 731 401
f 403 404 424 423
f 731 722 402 401
f 727 728 747 745
f 742 841 842 741
f 750 746 749 751
f 752 750 751 753
f 754 752 753 755
f 758 756 757 759
f 760 758 759 761
f 762 760 761 763
f 741 842 843 740
f 934 768 767 933
f 768 772 771 767
f 772 776 775 771
f 771 775 777 773
f 743 840 841 742
f 250 1587 1586 249
f 746 750 759 757
f 750 752 761 759
f 752 754 763 761
f 751 779 780 753
f 753 780 781 755
f 779 783 784 780
f 780 784 785 781
f 781 785 786 782
f 783 787 788 784
f 784 788 789 785
f 785 789 790 786
f 787 791 792 788
f 788 792 793 789
f 789 793 794 790
f 791 795 796 792
f 792 796 797 793
f 793 797 798 794
f 795 799 800 796
f 796 800 801 797
f 797 801 802 798
f 961 803 804 962
f 962 804 805 974
f 974 805 806 973
f 912 810 1728 989
f 989 1728 1727 964
f 910 1724 809 911
f 951 1726 811 908
f 911 809 810 912
f 908 811 812 909
f 1592 1593 815 816
f 1593 1594 818 815
f 919 921 922 931
f 1603 1592 816 1455
f 880 887 888 881
f 1594 1596 819 818
f 825 918 915 828
f 921 919 918 825
f 888 889 882 881
f 1597 1598 843 842
f 751 749 833 779
f 783 779 833 834
f 787 783 834 835
f 791 787 835 836
f 795 791 836 837
f 799 795 837 838
f 220 214 849 850
f 1440 88 150 1442
f 139 138 851 184
f 1456 852 151 1442
f 1456 188 196 1444
f 853 184 851 854
f 849 214 853 854
f 145 155 174 161
f 148 147 159 186
f 109 105 110 114
f 150 149 187 188
f 156 157 176 175
f 106 107 112 111
f 152 153 172 171
f 146 145 161 160
f 105 106 111 110
f 149 148 186 187
f 157 158 166 176
f 153 156 175 172
f 155 154 173 174
f 114 166 158 109
f 147 146 160 159
f 154 152 171 173
f 107 108 113 112
f 740 843 860 859
f 1598 1599 860 843
f 728 727 867 866
f 862 864 870 869
f 868 861 869 870
f 839 870 864 865
f 839 744 868 870
f 770 774 872 871
f 871 872 873 874
f 938 937 861 868
f 938 939 770 871
f 863 738 841 840
f 976 875 764 975
f 943 945 756 764
f 941 940 749 746
f 944 943 764 875
f 941 942 740 859
f 945 942 757 756
f 936 833 749 940
f 907 808 1726 951
f 821 813 808 907
f 1454 1455 816 807
f 964 1727 1725 913
f 909 812 1724 910
f 859 860 817 814
f 903 1734 1731 904
f 946 834 833 936
f 1640 1641 878 966
f 1903 984 971 1902
f 1904 884 984 1903
f 1637 1638 838 837
f 1636 1637 837 836
f 1635 1636 836 835
f 1642 1635 835 834
f 981 799 838 983
f 888 895 896 889
f 970 969 899 892
f 887 894 895 888
f 890 897 898 891
f 948 949 894 887
f 889 896 897 890
f 1748 950 901 1741
f 1744 903 904 1743
f 1745 902 903 1744
f 1749 965 906 1746
f 1741 901 902 1745
f 1743 904 905 1747
f 1731 911 912 1730
f 1737 951 908 1732
f 1734 910 911 1731
f 1735 909 910 1734
f 1738 964 913 1736
f 1732 908 909 1735
f 972 830 829 967
f 916 831 914 915
f 249 247 924 920
f 917 274 273 250
f 917 250 249 920
f 992 990 826 914
f 889 890 883 882
f 890 891 884 883
f 1601 253 252 1600
f 924 247 248 925
f 1602 251 253 1601
f 1908 917 920 1905
f 1908 1909 274 917
f 884 891 988 984
f 932 929 919 931
f 929 930 918 919
f 1905 920 924 1906
f 747 934 933 745
f 984 988 970 971
f 871 874 937 938
f 868 744 939 938
f 742 741 945 943
f 859 739 940 941
f 743 742 943 944
f 746 757 942 941
f 741 740 942 945
f 832 936 940 739
f 877 946 936 832
f 1634 1642 834 946
f 886 893 949 948
f 1742 900 950 1748
f 1733 907 951 1737
f 929 954 953 930
f 929 932 955 954
f 971 970 892 885
f 930 953 956 916
f 1913 958 959 1911
f 985 974 973 991
f 829 827 968 967
f 1915 1916 879 947
f 982 831 960 994
f 231 224 234 237
f 958 928 927 959
f 988 987 969 970
f 831 916 956 960
f 993 962 974 985
f 1739 989 964 1738
f 930 916 915 918
f 963 957 830 972
f 981 961 962 993
f 1750 986 965 1749
f 803 961 966 878
f 982 972 967 992
f 1906 1912 960 956
f 206 209 234 224
f 371 402 480 1692
f 723 480 402 722
f 1693 486 492 1694
f 486 724 725 492
f 862 869 728 866
f 869 861 747 728
f 934 747 861 937
f 937 874 768 934
f 772 768 874 873
f 767 771 773 769
f 933 767 769 935
f 935 766 745 933
f 766 748 727 745
f 867 727 748 733
f 1489 1664 857 1604
f 1652 865 864 1651
f 1651 864 862 1650
f 1650 862 866 1649
f 1649 866 867 1648
f 283 284 1426 285
f 978 976 975 977
f 756 758 975 764
f 758 760 977 975
f 872 774 778 979
f 873 872 979 980
f 776 772 873 980
f 760 762 765 977
f 893 886 823 824
f 1740 822 900 1742
f 950 1737 1732 901
f 928 958 227 926
f 926 227 925 248
f 961 981 983 966
f 967 968 990 992
f 801 985 991 802
f 972 982 994 963
f 891 898 987 988
f 800 993 985 801
f 1730 912 989 1739
f 799 981 993 800
f 1747 905 986 1750
f 831 982 992 914
f 1913 963 994 1917
f 1917 994 960 1912
f 2129 995 996 2128
f 2131 16 19 2130
f 2132 13 16 2131
f 2133 10 13 2132
f 2134 7 10 2133
f 2135 55 2 2128
f 2137 73 70 2136
f 2140 1020 1016 2139
f 2136 70 67 2141
f 2154 1437 54 2138
f 2141 67 64 2139
f 2144 48 51 2143
f 2140 103 61 2145
f 2146 45 48 2144
f 2145 61 58 2147
f 2147 58 55 2135
f 2150 34 37 2149
f 2155 1435 31 2142
f 2152 25 28 2151
f 2129 1 7 2134
f 2153 22 25 2152
f 2130 19 22 2153
f 1035 1009 1010 1036
f 1032 1006 1007 1033
f 1027 1001 1002 1028
f 1021 995 997 1023
f 1041 1015 1014 1040
f 1036 1010 1011 1037
f 1028 1002 1003 1029
f 1023 997 998 1024
f 1020 1046 1042 1016
f 1046 1020 1015 1041
f 1461 1459 1012 1038
f 1029 1003 1004 1030
f 1024 998 999 1025
f 1043 1017 1016 1042
f 1460 1458 1005 1031
f 1025 999 1000 1026
f 1044 1018 1017 1043
f 1039 1013 996 1022
f 1026 1000 1001 1027
f 995 1021 1022 996
f 1045 1019 1018 1044
f 1040 1014 1013 1039
f 1066 1040 1039 1065
f 1061 1035 1036 1062
f 1058 1032 1033 1059
f 1053 1027 1028 1054
f 1047 1021 1023 1049
f 1067 1041 1040 1066
f 1062 1036 1037 1063
f 1054 1028 1029 1055
f 1049 1023 1024 1050
f 1046 1072 1068 1042
f 1072 1046 1041 1067
f 1463 1461 1038 1064
f 1055 1029 1030 1056
f 1050 1024 1025 1051
f 1069 1043 1042 1068
f 1462 1460 1031 1057
f 1051 1025 1026 1052
f 1070 1044 1043 1069
f 1065 1039 1022 1048
f 1052 1026 1027 1053
f 1021 1047 1048 1022
f 1071 1045 1044 1070
f 1096 1070 1069 1095
f 1091 1065 1048 1074
f 1078 1052 1053 1079
f 1047 1073 1074 1048
f 1097 1071 1070 1096
f 1092 1066 1065 1091
f 1087 1061 1062 1088
f 1084 1058 1059 1085
f 1079 1053 1054 1080
f 1073 1047 1049 1075
f 1093 1067 1066 1092
f 1088 1062 1063 1089
f 1080 1054 1055 1081
f 1075 1049 1050 1076
f 1072 1098 1094 1068
f 1098 1072 1067 1093
f 1465 1463 1064 1090
f 1081 1055 1056 1082
f 1076 1050 1051 1077
f 1095 1069 1068 1094
f 1464 1462 1057 1083
f 1077 1051 1052 1078
f 1099 1073 1075 1101
f 1119 1093 1092 1118
f 1114 1088 1089 1115
f 1106 1080 1081 1107
f 1101 1075 1076 1102
f 1098 1124 1120 1094
f 1124 1098 1093 1119
f 1467 1465 1090 1116
f 1107 1081 1082 1108
f 1102 1076 1077 1103
f 1121 1095 1094 1120
f 1466 1464 1083 1109
f 1103 1077 1078 1104
f 1122 1096 1095 1121
f 1117 1091 1074 1100
f 1104 1078 1079 1105
f 1073 1099 1100 1074
f 1123 1097 1096 1122
f 1118 1092 1091 1117
f 1113 1087 1088 1114
f 1110 1084 1085 1111
f 1105 1079 1080 1106
f 1099 1125 1126 1100
f 1149 1123 1122 1148
f 1144 1118 1117 1143
f 1139 1113 1114 1140
f 1136 1110 1111 1137
f 1131 1105 1106 1132
f 1125 1099 1101 1127
f 1145 1119 1118 1144
f 1140 1114 1115 1141
f 1132 1106 1107 1133
f 1127 1101 1102 1128
f 1124 1150 1146 1120
f 1150 1124 1119 1145
f 1469 1467 1116 1142
f 1133 1107 1108 1134
f 1128 1102 1103 1129
f 1147 1121 1120 1146
f 1468 1466 1109 1135
f 1129 1103 1104 1130
f 1148 1122 1121 1147
f 1143 1117 1100 1126
f 1130 1104 1105 1131
f 1155 1129 1130 1156
f 1130 1131 1168 1156
f 1131 1132 1157 1168
f 1133 1134 1165 1158
f 1175 1149 1148 1174
f 1468 1135 1160 1470
f 1136 1137 1162 1161
f 1139 1140 1159 1164
f 1151 1125 1127 1153
f 1140 1141 1166 1159
f 1143 1170 1169 1144
f 1157 1132 1133 1158
f 1148 1147 1152 1174
f 1150 1176 1172 1146
f 1147 1146 1172 1152
f 1471 1469 1142 1167
f 1150 1145 1154 1176
f 1145 1144 1169 1154
f 1143 1126 1173 1170
f 1151 1173 1126 1125
f 1127 1128 1171 1153
f 1128 1129 1155 1171
f 1135 1136 1161 1160
f 1110 1136 1135 1109
f 1084 1110 1109 1083
f 1083 1057 1058 1084
f 1155 1181 1197 1171
f 1176 1202 1198 1172
f 1154 1180 1202 1176
f 1471 1473 1192 1166
f 1159 1185 1190 1164
f 1170 1196 1195 1169
f 1165 1191 1184 1158
f 1153 1179 1177 1151
f 1169 1195 1180 1154
f 1470 1472 1191 1165
f 1156 1182 1181 1155
f 1171 1197 1179 1153
f 1173 1199 1196 1170
f 1152 1178 1200 1174
f 1162 1188 1187 1161
f 1168 1194 1182 1156
f 1174 1200 1201 1175
f 1172 1198 1178 1152
f 1166 1192 1185 1159
f 1157 1183 1194 1168
f 1151 1177 1199 1173
f 1161 1187 1186 1160
f 1158 1184 1183 1157
f 1472 1474 1217 1191
f 1182 1208 1207 1181
f 1196 1222 1221 1195
f 1200 1226 1227 1201
f 1178 1204 1226 1200
f 1188 1214 1213 1187
f 1194 1220 1208 1182
f 1177 1203 1225 1199
f 1198 1224 1204 1178
f 1192 1218 1211 1185
f 1183 1209 1220 1194
f 1202 1228 1224 1198
f 1180 1206 1228 1202
f 1187 1213 1212 1186
f 1184 1210 1209 1183
f 1197 1223 1205 1179
f 1195 1221 1206 1180
f 1473 1475 1218 1192
f 1185 1211 1216 1190
f 1191 1217 1210 1184
f 1179 1205 1203 1177
f 1181 1207 1223 1197
f 1199 1225 1222 1196
f 1204 1230 1252 1226
f 1214 1240 1239 1213
f 1220 1246 1234 1208
f 1203 1229 1251 1225
f 1224 1250 1230 1204
f 1218 1244 1237 1211
f 1209 1235 1246 1220
f 1228 1254 1250 1224
f 1206 1232 1254 1228
f 1213 1239 1238 1212
f 1210 1236 1235 1209
f 1223 1249 1231 1205
f 1221 1247 1232 1206
f 1475 1477 1244 1218
f 1211 1237 1242 1216
f 1217 1243 1236 1210
f 1205 1231 1229 1203
f 1207 1233 1249 1223
f 1225 1251 1248 1222
f 1474 1476 1243 1217
f 1208 1234 1233 1207
f 1222 1248 1247 1221
f 1226 1252 1253 1227
f 1665 1291 1290 1255
f 1274 1271 1259 1286
f 1282 1263 1671 1480
f 1670 1479 1478 1669
f 1287 1258 1257 1288
f 1479 1670 1265 1280
f 1258 1287 1292 1666
f 1255 1290 1289 1256
f 1264 1281 1278 1267
f 1669 1478 1283 1262
f 1674 1483 1481 1672
f 1261 1284 1276 1269
f 1263 1282 1281 1264
f 1666 1292 1285 1260
f 1269 1276 1277 1268
f 1294 1668 1262 1283
f 1272 1273 1284 1261
f 1271 1274 1291 1665
f 1483 1674 1267 1278
f 1668 1294 1293 1667
f 1273 1272 1260 1285
f 1268 1277 1482 1673
f 1275 1270 1266 1279
f 1286 1259 1667 1293
f 1480 1671 1270 1275
f 1256 1289 1288 1257
f 1673 1482 1279 1266
f 1483 1229 1231 1481
f 1243 1286 1293 1236
f 1292 1237 1244 1285
f 1247 1282 1480 1232
f 1481 1231 1249 1280
f 1477 1273 1285 1244
f 1294 1235 1236 1293
f 1287 1242 1237 1292
f 1232 1480 1275 1254
f 1254 1275 1279 1250
f 1274 1476 1238 1291
f 1235 1294 1283 1246
f 1291 1238 1239 1290
f 1482 1230 1250 1279
f 1229 1483 1278 1251
f 1242 1287 1288 1241
f 1478 1234 1246 1283
f 1290 1239 1240 1289
f 1277 1252 1230 1482
f 219 260 850 849
f 1595 817 860 1599
f 814 876 739 859
f 197 219 849 854
f 854 851 852 197
f 851 138 151 852
f 89 151 138 76
f 1397 36 33 1389
f 32 33 36 35
f 1364 32 35 1365
f 2150 1006 1005 2142
f 1006 1032 1031 1005
f 1032 1058 1057 1031
f 1295 1296 976 978
f 1296 1297 875 976
f 1298 1297 770 939
f 1298 1299 743 944
f 1300 1299 744 839
f 1300 1301 863 840
f 1654 1301 865 1652
f 295 294 1409 1411
f 1410 1409 294 293
f 1304 1303 730 400
f 1695 1304 400 374
f 1306 1305 405 442
f 1307 1306 442 443
f 1308 1307 443 504
f 1308 1309 430 502
f 1310 1309 444 445
f 1311 1310 445 446
f 1312 1311 446 530
f 1312 1313 545 528
f 1314 1313 547 564
f 1315 1314 564 581
f 1315 1316 596 579
f 1316 1317 613 596
f 1318 1317 615 632
f 1319 1318 632 649
f 1319 1320 664 647
f 1320 1321 681 664
f 1321 1322 698 681
f 1323 1322 700 699
f 1323 1324 680 697
f 1324 1325 663 680
f 1326 1325 665 648
f 1326 1327 629 646
f 1328 1327 631 614
f 1329 1328 614 597
f 1329 1330 578 595
f 1330 1331 561 578
f 1332 1331 563 546
f 1333 1332 546 529
f 1333 1334 435 527
f 1335 1334 437 434
f 1336 1335 434 431
f 1337 1336 431 500
f 1337 1338 426 501
f 1339 1338 428 425
f 1339 1340 403 423
f 1696 1341 380 370
f 1341 1342 713 380
f 278 1407 1410 293
f 278 339 1414 1407
f 778 774 1296 1295
f 774 770 1297 1296
f 944 875 1297 1298
f 939 744 1299 1298
f 840 743 1299 1300
f 839 865 1301 1300
f 277 336 368 276
f 1488 1414 339 1453
f 1488 1453 340 1412
f 381 726 1303 1304
f 362 381 1304 1695
f 424 404 1305 1306
f 427 424 1306 1307
f 502 427 1307 1308
f 504 444 1309 1308
f 433 430 1309 1310
f 436 433 1310 1311
f 528 436 1311 1312
f 530 547 1313 1312
f 562 545 1313 1314
f 579 562 1314 1315
f 581 598 1316 1315
f 598 615 1317 1316
f 630 613 1317 1318
f 647 630 1318 1319
f 649 666 1320 1319
f 666 683 1321 1320
f 683 700 1322 1321
f 697 698 1322 1323
f 699 682 1324 1323
f 682 665 1325 1324
f 646 663 1325 1326
f 648 631 1327 1326
f 612 629 1327 1328
f 595 612 1328 1329
f 597 580 1330 1329
f 580 563 1331 1330
f 544 561 1331 1332
f 527 544 1332 1333
f 529 437 1334 1333
f 432 435 1334 1335
f 429 432 1335 1336
f 501 429 1336 1337
f 500 428 1338 1337
f 423 426 1338 1339
f 425 408 1340 1339
f 369 379 1341 1696
f 379 712 1342 1341
f 1413 1412 340 341
f 1621 1620 1344 1343
f 1620 1619 1345 1344
f 1619 1618 1346 1345
f 1617 1616 1348 1347
f 1616 844 1349 1348
f 844 1675 1350 1349
f 1675 1622 1351 1350
f 1622 1676 1352 1351
f 1676 1677 1353 1352
f 3 1355 1354 4
f 7 1 1355 1356
f 10 7 1356 1357
f 13 10 1357 1358
f 16 13 1358 1359
f 19 16 1359 1360
f 22 19 1360 1361
f 25 22 1361 1362
f 28 25 1362 1363
f 1435 28 1363 1484
f 37 34 1365 1366
f 48 45 1368 1369
f 51 48 1369 1370
f 1437 51 1370 1485
f 56 4 1354 1372
f 59 56 1372 1373
f 62 59 1373 1374
f 101 62 1374 1379
f 68 65 1375 1376
f 71 68 1376 1377
f 74 71 1377 1378
f 65 101 1379 1375
f 31 1364 1365 34
f 91 1404 1402 94
f 84 1385 1384 83
f 81 1396 1394 80
f 77 1392 1397 76
f 93 1405 1383 92
f 98 1401 1399 99
f 99 1399 1380 100
f 15 12 1405 1384
f 86 1387 1386 85
f 63 102 1398 1382
f 87 1388 1387 86
f 76 1397 1389 89
f 1440 1486 1390 88
f 97 1400 1401 98
f 92 1383 1403 90
f 90 1403 1404 91
f 102 66 1400 1398
f 95 1381 1382 96
f 85 1386 1385 84
f 46 43 1393 1394
f 94 1402 1381 95
f 1439 1487 1396 81
f 88 1390 1388 87
f 32 1434 1433 33
f 1408 1413 341 285
f 1426 1496 1408 285
f 1417 1416 1415 1418
f 1457 183 215 1447
f 164 1419 1421 163
f 1443 855 183 1457
f 164 163 200 201
f 338 337 1412 1413
f 165 1420 1419 164
f 165 164 201 202
f 1418 1415 855 1443
f 338 289 359 319
f 1660 1663 1605 1566
f 1352 1353 245 246
f 1351 1352 246 244
f 1350 1351 244 714
f 714 715 1349 1350
f 315 360 1430 1495
f 1492 1430 360 361
f 1493 1494 359 289
f 310 315 342 316
f 305 310 316 311
f 300 305 311 306
f 306 301 276 300
f 276 301 296 277
f 293 1427 279 278
f 378 377 712 379
f 301 302 297 296
f 298 297 302 303
f 1364 1484 1434 32
f 1371 1485 1436 53
f 53 1436 1438 52
f 1395 52 1438 1487
f 1389 33 1433 1486
f 144 82 1439 1441
f 219 197 1444 1446
f 260 219 1446 1448
f 283 1451 1450 284
f 284 1450 1445 198
f 715 716 1348 1349
f 204 1503 1496 1426
f 281 1451 1453 339
f 1595 1603 1455 817
f 89 1440 1442 151
f 188 1456 1442 150
f 852 1456 1444 197
f 1606 1417 1418 1660
f 814 817 1455 1454
f 143 142 1566 1605
f 2143 51 1437 2154
f 2151 28 1435 2155
f 1037 1011 1459 1461
f 1030 1004 1458 1460
f 1063 1037 1461 1463
f 1056 1030 1460 1462
f 1089 1063 1463 1465
f 1082 1056 1462 1464
f 1115 1089 1465 1467
f 1108 1082 1464 1466
f 1141 1115 1467 1469
f 1134 1108 1466 1468
f 1134 1468 1470 1165
f 1166 1141 1469 1471
f 1167 1193 1473 1471
f 1160 1186 1472 1470
f 1186 1212 1474 1472
f 1193 1219 1475 1473
f 1219 1245 1477 1475
f 1212 1238 1476 1474
f 1276 1253 1252 1277
f 1282 1247 1248 1281
f 1479 1233 1234 1478
f 1476 1274 1286 1243
f 1289 1240 1241 1288
f 1284 1245 1253 1276
f 1273 1477 1245 1284
f 716 717 1347 1348
f 31 1435 1484 1364
f 54 1437 1485 1371
f 89 1389 1486 1440
f 82 1395 1487 1439
f 732 734 725 724
f 1576 1606 1660 1566
f 1452 337 320 288
f 1427 290 280 279
f 288 368 336 1452
f 1431 342 315 1495
f 1545 1686 1621 1343
f 1493 289 1408 1496
f 342 1431 1428 343
f 724 723 729 732
f 1496 1503 1432 1493
f 735 729 723 722
f 722 731 846 735
f 845 846 731 730
f 296 297 1409 1410
f 277 296 1410 1407
f 1407 1414 336 277
f 1452 336 1414 1488
f 1488 1412 337 1452
f 162 185 204 198
f 289 338 1413 1408
f 1302 845 730 1303
f 1303 726 1499 1302
f 1500 1499 726 713
f 1501 1500 713 1342
f 1342 712 1502 1501
f 712 377 1615 1502
f 1503 1424 1425 1432
f 1679 1498 848 1678
f 1503 204 185 1424
f 857 1447 124 118
f 1346 1347 717 721
f 721 720 1345 1346
f 1664 1457 1447 857
f 720 718 1344 1345
f 718 719 1343 1344
f 1663 1443 1457 1664
f 1534 1562 1563 1511
f 1343 719 1546 1545
f 1543 1542 1545 1546
f 1542 1543 1540 1539
f 1539 1540 1537 1536
f 1534 1533 1536 1537
f 1509 1533 1534 1511
f 1654 1655 863 1301
f 1571 1568 1519 1514
f 132 126 1419 1420
f 126 120 1421 1419
f 1575 1564 1513 1512
f 1614 1421 120 215
f 1572 1524 1525 1571
f 1564 1569 1521 1513
f 1574 1529 1522 1567
f 1570 1523 1524 1572
f 1567 1522 1523 1570
f 1573 1569 1526 1527
f 1577 1582 1528 1525
f 1573 1527 1529 1574
f 1524 1578 1577 1525
f 1523 1579 1578 1524
f 1681 1682 1533 1509
f 1537 1561 1562 1534
f 1682 1683 1536 1533
f 1683 1684 1539 1536
f 1612 1614 215 183
f 183 855 1610 1612
f 1684 1685 1542 1539
f 1685 1686 1545 1542
f 1558 1559 269 270
f 1559 1552 268 269
f 258 257 264 1544
f 259 258 1544 1541
f 1448 259 1541 1538
f 1538 1535 260 1448
f 1535 1532 850 260
f 1532 1423 220 850
f 1560 1558 270 1449
f 253 1550 1549 252
f 251 1551 1550 253
f 240 1547 1553 241
f 243 1548 1554 242
f 242 1554 1547 240
f 241 1553 1551 251
f 268 1552 1555 265
f 265 1555 1556 266
f 266 1556 1557 267
f 1449 271 1561 1560
f 271 858 1562 1561
f 858 737 1563 1562
f 141 1576 1566 142
f 1511 1563 1565 1510
f 1525 1528 1568 1571
f 1530 1531 1564 1575
f 1515 1572 1571 1514
f 1531 1526 1569 1564
f 1518 1574 1567 1517
f 1516 1570 1572 1515
f 1517 1567 1570 1516
f 1520 1521 1569 1573
f 1520 1573 1574 1518
f 1522 1580 1579 1523
f 1608 1610 855 1415
f 1607 1608 1415 1416
f 1406 1504 1607 1416
f 1406 1507 1505 1504
f 1575 1512 1506 1497
f 1529 1581 1580 1522
f 1527 1583 1581 1529
f 1527 1526 1584 1583
f 1648 1653 1582 1577
f 1526 1531 1585 1584
f 1656 1655 1584 1585
f 1565 1563 737 736
f 249 1586 1588 247
f 247 1588 1589 248
f 272 1590 1591 273
f 243 1587 1591 267
f 265 266 1590 1596
f 248 1589 1602 926
f 270 269 1593 1592
f 269 268 1594 1593
f 1449 270 1592 1603
f 268 265 1596 1594
f 736 737 1598 1597
f 737 858 1599 1598
f 928 1601 1600 927
f 926 1602 1601 928
f 271 1595 1599 858
f 271 1449 1603 1595
f 1597 842 841 738
f 1581 1652 1651 1580
f 143 1605 1489 1441
f 1441 1489 1604 144
f 1418 1443 1663 1660
f 120 124 1447 215
f 1509 1511 1510 1508
f 848 1498 1497 1506
f 1504 1424 185 1607
f 1502 1506 1512 1501
f 1512 1513 1500 1501
f 1608 1607 185 162
f 162 1609 1610 1608
f 1513 1521 1499 1500
f 1521 1520 1302 1499
f 1445 1609 162 198
f 1520 1518 845 1302
f 1609 1611 1612 1610
f 846 845 1518 1517
f 1445 203 1611 1609
f 1613 1611 203 199
f 163 1613 199 200
f 1613 1614 1612 1611
f 1614 1613 163 1421
f 735 846 1517 1516
f 729 735 1516 1515
f 1515 1514 732 729
f 1514 1519 734 732
f 1678 848 1615 1687
f 1347 1346 1618 1617
f 1902 1901 1623 1624
f 1639 1625 1624 1640
f 1638 1626 1625 1639
f 1907 1904 1626 1627
f 1910 1907 1627 1628
f 1914 1910 1628 1629
f 1918 1914 1629 1630
f 1915 1918 1630 1631
f 1634 1633 1632 1631
f 1627 1626 1638 1637
f 1624 1623 1641 1640
f 1630 1629 1635 1642
f 1631 1630 1642 1634
f 983 1639 1640 966
f 1628 1627 1637 1636
f 1629 1628 1636 1635
f 838 1638 1639 983
f 946 877 1633 1634
f 1615 848 1506 1502
f 1645 1643 1644 1646
f 1575 1497 1645 1530
f 1643 1645 1497 1498
f 1679 1689 1643 1498
f 1645 1646 1647 1530
f 1647 1585 1531 1530
f 1580 1651 1650 1579
f 1579 1650 1649 1578
f 1578 1649 1648 1577
f 1583 1654 1652 1581
f 1583 1584 1655 1654
f 867 733 1653 1648
f 738 863 1655 1656
f 1508 1510 1658 1659
f 1661 1662 1490 1422
f 1656 1585 1647 1657
f 1662 1417 193 1490
f 1656 1657 1565 736
f 1406 1662 1661 1507
f 1417 1662 1406 1416
f 1657 1658 1510 1565
f 738 1656 736 1597
f 1646 1658 1657 1647
f 1605 1663 1664 1489
f 1658 1646 1644 1659
f 1422 1490 220 1423
f 214 220 1490 193
f 193 856 853 214
f 856 192 184 853
f 139 184 192 140
f 140 78 77 139
f 1392 77 78 1391
f 1391 40 39 1392
f 38 39 40 41
f 1366 38 41 1367
f 1540 1560 1561 1537
f 1540 1543 1558 1560
f 1543 1546 1559 1558
f 1552 1559 1546 719
f 1555 1552 719 718
f 1556 1555 718 720
f 1557 1556 720 721
f 1281 1248 1251 1278
f 1240 1214 1215 1241
f 1214 1188 1189 1215
f 1163 1189 1188 1162
f 1138 1163 1162 1137
f 1137 1111 1112 1138
f 1111 1085 1086 1112
f 1085 1059 1060 1086
f 1059 1033 1034 1060
f 1033 1007 1008 1034
f 2148 1008 1007 2149
f 1367 42 37 1366
f 721 717 1548 1557
f 1554 1548 717 716
f 1547 1554 716 715
f 1553 1547 715 714
f 714 244 1551 1553
f 244 246 1550 1551
f 246 245 1549 1550
f 1233 1479 1280 1249
f 1241 1215 1216 1242
f 1227 1253 1245 1219
f 856 193 1417 1606
f 1606 1576 192 856
f 140 192 1576 141
f 141 79 78 140
f 1604 857 118 113
f 144 1604 113 108
f 82 144 108 100
f 1672 1481 1280 1265
f 1674 1672 1264 1267
f 1672 1265 1263 1264
f 1265 1670 1671 1263
f 1670 1669 1270 1671
f 1669 1262 1266 1270
f 1673 1266 1262 1668
f 1668 1667 1268 1673
f 1269 1268 1667 1259
f 1261 1269 1259 1271
f 1272 1261 1271 1665
f 1665 1255 1260 1272
f 1255 1256 1666 1260
f 1258 1666 1256 1257
f 1215 1189 1190 1216
f 1164 1190 1189 1163
f 1163 1138 1139 1164
f 1113 1139 1138 1112
f 1112 1086 1087 1113
f 1086 1060 1061 1087
f 1035 1061 1060 1034
f 1009 1035 1034 1008
f 2146 1009 1008 2148
f 1368 45 42 1367
f 1367 41 44 1368
f 41 40 43 44
f 1393 43 40 1391
f 1391 78 79 1393
f 1395 82 100 1380
f 1380 75 52 1395
f 53 52 75 74
f 1371 53 74 1378
f 1378 73 54 1371
f 2137 1019 1012 2138
f 1038 1012 1019 1045
f 1064 1038 1045 1071
f 1071 1097 1090 1064
f 1116 1090 1097 1123
f 1123 1149 1142 1116
f 1149 1175 1167 1142
f 1193 1167 1175 1201
f 1201 1227 1219 1193
f 1508 1680 1681 1509
f 1643 1689 1688 1644
f 1659 1644 1688 1690
f 1659 1690 1680 1508
f 1687 1615 377 373
f 375 373 377 378
f 376 364 409 412
f 451 455 358 357
f 380 381 362 370
f 1701 1702 356 357
f 457 356 1691 410
f 1697 1698 375 376
f 487 481 1692 1693
f 407 371 1692 481
f 487 1693 1694 493
f 1305 1695 374 405
f 1340 1696 370 403
f 404 362 1695 1305
f 408 369 1696 1340
f 375 378 364 376
f 418 420 470 450
f 498 418 450 505
f 505 449 416 498
f 414 416 449 448
f 412 414 448 411
f 376 412 411 1697
f 1687 373 1494 1493
f 375 1698 1494 373
f 1493 1432 1678 1687
f 1432 1425 1679 1678
f 1425 1505 1689 1679
f 1505 1507 1688 1689
f 1507 1661 1690 1688
f 1680 1690 1661 1422
f 1422 1423 1681 1680
f 363 1699 1700 358
f 357 358 1700 1701
f 356 1702 1703 1691
f 1431 1495 1702 1701
f 470 517 1717 1719
f 506 1718 1710 454
f 1720 1721 1691 1703
f 453 1709 1718 506
f 410 1711 1708 452
f 1691 1721 1711 410
f 452 1708 1709 453
f 470 1719 1710 450
f 517 534 1716 1717
f 534 551 1707 1716
f 551 568 1706 1707
f 568 585 1705 1706
f 585 602 1704 1705
f 602 619 1715 1704
f 619 636 1714 1715
f 636 653 1713 1714
f 653 670 1712 1713
f 670 687 1723 1712
f 687 704 1722 1723
f 1698 1697 1721 1720
f 1494 1492 361 359
f 1494 1698 1720 1492
f 1703 1430 1492 1720
f 701 707 1722 695
f 707 706 703 1722
f 703 709 710 702
f 706 705 709 703
f 705 711 708 709
f 662 679 687 670
f 670 653 645 662
f 653 636 628 645
f 636 619 611 628
f 619 602 594 611
f 577 594 602 585
f 585 568 560 577
f 568 551 543 560
f 551 534 526 543
f 534 517 422 526
f 420 422 517 470
f 1682 1681 1423 1532
f 1683 1682 1532 1535
f 1684 1683 1535 1538
f 1685 1684 1538 1541
f 1686 1685 1541 1544
f 1621 1686 1544 264
f 264 261 1620 1621
f 261 262 1619 1620
f 262 263 1618 1619
f 1617 1618 263 233
f 233 232 1616 1617
f 232 230 844 1616
f 230 231 1675 844
f 231 237 1622 1675
f 237 239 1676 1622
f 239 238 1677 1676
f 904 1731 1730 905
f 902 1735 1734 903
f 965 1738 1736 906
f 901 1732 1735 902
f 900 1733 1737 950
f 986 1739 1738 965
f 905 1730 1739 986
f 821 907 1733 1729
f 1733 900 822 1729
f 947 948 887 880
f 879 886 948 947
f 1909 1919 1751 274
f 1754 955 932 1753
f 931 1752 1753 932
f 1752 1756 1757 1753
f 1919 1920 1755 1751
f 1758 1754 1753 1757
f 1756 1760 1761 1757
f 1920 1921 1759 1755
f 1762 1758 1757 1761
f 1633 1767 1766 1632
f 1916 1922 1765 879
f 832 1763 1764 877
f 1767 1633 877 1764
f 832 739 876 1763
f 823 886 879 1765
f 818 819 1755 1759
f 1751 1755 819 272
f 1760 1756 923 820
f 931 922 952 1752
f 952 923 1756 1752
f 272 273 274 1751
f 815 818 1759 1768
f 807 816 815 1768
f 2115 813 821 2105
f 2104 824 823 2106
f 2116 1454 807 2107
f 2087 1774 1779 2086
f 2118 876 814 2109
f 2119 1767 1764 2110
f 2093 1781 1790 2092
f 2091 1789 1788 2094
f 2122 1762 1761 2112
f 2107 807 1768 2120
f 2099 1772 1782 2098
f 2089 1777 1785 2100
f 2098 1782 1783 2095
f 2106 823 1765 2114
f 2100 1785 1786 2090
f 2102 1923 1781 2093
f 2097 1780 1774 2087
f 2105 821 1729 2117
f 2085 1778 1771 2088
f 2103 1924 1787 2101
f 1806 1784 1783 1805
f 1799 1777 1771 1793
f 1791 1769 1790 1812
f 1789 1811 1810 1788
f 1782 1804 1805 1783
f 1800 1778 1769 1791
f 1780 1802 1796 1774
f 1777 1799 1807 1785
f 1923 1925 1803 1781
f 1795 1773 1779 1801
f 1798 1776 1775 1797
f 1797 1775 1787 1809
f 1785 1807 1808 1786
f 1774 1796 1801 1779
f 1778 1800 1793 1771
f 1772 1794 1804 1782
f 1924 1926 1809 1787
f 1792 1770 1773 1795
f 1781 1803 1812 1790
f 1811 1789 1786 1808
f 1794 1816 1826 1804
f 1926 1928 1831 1809
f 1814 1792 1795 1817
f 1803 1825 1834 1812
f 1833 1811 1808 1830
f 1828 1806 1805 1827
f 1821 1799 1793 1815
f 1813 1791 1812 1834
f 1811 1833 1832 1810
f 1804 1826 1827 1805
f 1822 1800 1791 1813
f 1802 1824 1818 1796
f 1799 1821 1829 1807
f 1925 1927 1825 1803
f 1817 1795 1801 1823
f 1820 1798 1797 1819
f 1819 1797 1809 1831
f 1807 1829 1830 1808
f 1796 1818 1823 1801
f 1800 1822 1815 1793
f 1995 1929 1847 2018
f 2024 1851 1852 2015
f 2023 1840 1845 1971
f 2030 1844 1837 2012
f 2029 1838 1848 2011
f 1994 1930 1853 2025
f 2018 1847 1856 1967
f 1966 1855 1854 2028
f 2011 1848 1849 2027
f 2010 1846 1840 2023
f 1974 1843 1851 2024
f 2066 1835 1856 2056
f 2069 1844 1835 2066
f 2073 1839 1845 2062
f 2074 1842 1841 2063
f 2063 1841 1853 2064
f 2077 1836 1839 2073
f 2057 1855 1852 2075
f 2061 1850 1849 2068
f 2060 1843 1837 2076
f 1896 1997 1976 1888
f 1882 1879 1970 1892
f 1965 1900 1894 1978
f 1997 1896 1934 2007
f 1880 1881 1885 1986
f 1893 1977 2002 1899
f 2001 1898 1886 1987
f 1888 1976 1975 1887
f 1899 2002 1978 1894
f 1996 1895 1936 1981
f 1998 1897 1898 2001
f 1933 2006 1969 1891
f 1881 1880 1987 1886
f 1898 1863 1875 1886
f 1897 1864 1863 1898
f 1900 1861 1867 1894
f 1931 1882 1892 1869
f 1882 1931 1872 1889
f 1865 1896 1888 1873
f 1868 1893 1899 1862
f 1895 1866 1857 1936
f 1870 1891 1890 1871
f 1877 1884 1885 1876
f 1936 1857 1878 1883
f 1896 1865 1859 1934
f 1889 1872 1871 1890
f 1884 1877 1874 1887
f 1869 1892 1883 1878
f 1935 1858 1861 1900
f 1932 1881 1886 1875
f 1860 1933 1891 1870
f 2029 2011 1826 1816
f 2011 2027 1827 1826
f 1828 1827 2027 1972
f 1927 1828 1972 1995
f 1995 2018 1825 1927
f 2018 1967 1834 1825
f 1813 1834 1967 1973
f 1625 1903 1902 1624
f 1626 1904 1903 1625
f 954 1908 1905 953
f 954 955 1909 1908
f 953 1905 1906 956
f 963 1913 1911 957
f 1631 1632 1916 1915
f 924 925 1912 1906
f 958 1913 1917 227
f 227 1917 1912 925
f 971 885 1901 1902
f 883 884 1904 1907
f 882 883 1907 1910
f 881 882 1910 1914
f 880 881 1914 1918
f 947 880 1918 1915
f 955 1754 1919 1909
f 1754 1758 1920 1919
f 1758 1762 1921 1920
f 1632 1766 1922 1916
f 2096 1784 1923 2102
f 2094 1788 1924 2103
f 1784 1806 1925 1923
f 1788 1810 1926 1924
f 1810 1832 1928 1926
f 1806 1828 1927 1925
f 1972 1850 1929 1995
f 2028 1854 1930 1994
f 1866 1895 1934 1859
f 1862 1899 1894 1867
f 1873 1888 1887 1874
f 1881 1932 1876 1885
f 1822 1813 1973 2030
f 2030 2012 1815 1822
f 2057 1941 1940 2067
f 2058 1943 1942 2068
f 2059 1946 1945 2070
f 2060 1948 1947 2071
f 2078 1959 1949 2072
f 2071 1947 1956 2075
f 2070 1945 1951 2062
f 2069 1944 1957 2076
f 2065 1937 1943 2058
f 2079 1960 1955 2064
f 2072 1949 1938 2056
f 2061 1950 1959 2078
f 2067 1940 1960 2079
f 1843 1974 2012 1837
f 1821 1815 2012 1974
f 1974 2024 1829 1821
f 2024 2015 1830 1829
f 1833 1830 2015 1966
f 1966 2028 1832 1833
f 1841 2026 2025 1853
f 1928 1832 2028 1994
f 1891 1969 1989 1890
f 1981 1936 1883 1984
f 1855 1966 2015 1852
f 1980 1935 1900 1965
f 1844 2030 1973 1835
f 1842 2016 2026 1841
f 1994 2025 1831 1928
f 1839 2017 1971 1845
f 1819 1831 2025 2026
f 1850 1972 2027 1849
f 1835 1973 1967 1856
f 1820 1819 2026 2016
f 1836 1968 2017 1839
f 2010 2023 1818 1824
f 2023 1971 1823 1818
f 1817 1823 1971 2017
f 1814 1817 2017 1968
f 1884 1985 1986 1885
f 1879 1882 1889 1988
f 1988 1889 1890 1989
f 1895 1996 2007 1934
f 1988 1989 1964 1963
f 1892 1970 1984 1883
f 1879 1988 1963 2004
f 2004 2020 1970 1879
f 2020 1962 1984 1970
f 1981 1984 1962 2009
f 1996 1981 2009 1999
f 1999 2022 2007 1996
f 1997 2007 2022 2000
f 2000 1993 1976 1997
f 1993 1992 1975 1976
f 1985 1975 1992 1961
f 1985 1884 1887 1975
f 1961 2014 1986 1985
f 1880 1986 2014 2005
f 2005 2013 1987 1880
f 2001 1987 2013 1982
f 1998 2001 1982 1979
f 1990 1983 2002 1977
f 1983 1991 1978 2002
f 1965 1978 1991 2003
f 1980 1965 2003 2008
f 2021 2019 1969 2006
f 2019 1964 1989 1969
f 2052 2053 2013 2005
f 2046 2044 1964 2019
f 1858 1860 1937 1958
f 2040 2052 2005 2014
f 2041 2040 2014 1961
f 1858 1935 1933 1860
f 2045 2044 2033 2032
f 2048 2050 2033 2031
f 2021 2006 1980 2008
f 2036 2045 2032 2034
f 2047 2036 2034 2035
f 2043 2022 1999 2035
f 2034 2032 2049 2042
f 1935 1980 2006 1933
f 2032 2033 2050 2049
f 2042 2049 2038 2054
f 2031 2033 2044 2046
f 1963 1964 2044 2045
f 2004 1963 2045 2036
f 2020 2004 2036 2047
f 2038 2037 2053 2052
f 2039 2037 2050 2048
f 2035 2034 2042 2043
f 2008 2003 2031 2046
f 2003 1991 2048 2031
f 2049 2050 2037 2038
f 2047 2009 1962 2020
f 1979 1982 2051 1990
f 2039 2048 1991 1983
f 2051 2053 2037 2039
f 2043 2042 2054 2055
f 1982 2013 2053 2051
f 2055 2054 2040 2041
f 2054 2038 2052 2040
f 2055 2000 2022 2043
f 2035 1999 2009 2047
f 1961 1992 1993 2041
f 2041 1993 2000 2055
f 1939 2066 2056 1938
f 1944 2069 2066 1939
f 1952 2073 2062 1951
f 1954 2074 2063 1953
f 1953 2063 2064 1955
f 1958 2077 2073 1952
f 1941 2057 2075 1956
f 1950 2061 2068 1942
f 1948 2060 2076 1957
f 1855 2057 2067 1854
f 1848 2058 2068 1849
f 1846 2059 2070 1840
f 1843 2060 2071 1851
f 1929 2078 2072 1847
f 1851 2071 2075 1852
f 1840 2070 2062 1845
f 1844 2069 2076 1837
f 1838 2065 2058 1848
f 1930 2079 2064 1853
f 1847 2072 2056 1856
f 1850 2061 2078 1929
f 1854 2067 2079 1930
f 1950 1942 1871 1872
f 1959 1950 1872 1931
f 1931 1869 1949 1959
f 1869 1878 1938 1949
f 1939 1938 1878 1857
f 1944 1939 1857 1866
f 1866 1859 1957 1944
f 1948 1957 1859 1865
f 1865 1873 1947 1948
f 1873 1874 1956 1947
f 1941 1956 1874 1877
f 1877 1876 1940 1941
f 1960 1940 1876 1932
f 1932 1875 1955 1960
f 1953 1955 1875 1863
f 1954 1953 1863 1864
f 1868 1862 1945 1946
f 1862 1867 1951 1945
f 1952 1951 1867 1861
f 1958 1952 1861 1858
f 1860 1870 1943 1937
f 1870 1871 1942 1943
f 1770 2082 2081 1773
f 1776 2080 2083 1775
f 1778 2085 2084 1769
f 2108 2087 2086 2117
f 1777 2089 2088 1771
f 1789 2091 2090 1786
f 1814 1968 2029 1816
f 2111 2093 2092 2120
f 2119 2091 2094 2121
f 1784 2096 2095 1783
f 1769 2084 2092 1790
f 2113 2099 2098 2124
f 2118 2089 2100 2125
f 2124 2098 2095 2112
f 1968 1836 1838 2029
f 1775 2083 2101 1787
f 2125 2100 2090 2110
f 2126 2102 2093 2111
f 2123 2097 2087 2108
f 1773 2081 2086 1779
f 2116 2085 2088 2109
f 2127 2103 2101 2114
f 2122 2096 2102 2126
f 2121 2094 2103 2127
f 2082 2115 2105 2081
f 2080 2104 2106 2083
f 2085 2116 2107 2084
f 2089 2118 2109 2088
f 2091 2119 2110 2090
f 2096 2122 2112 2095
f 2084 2107 2120 2092
f 2083 2106 2114 2101
f 2081 2105 2117 2086
f 1990 1977 1998 1979
f 822 2108 2117 1729
f 2065 1838 1836 2077
f 1759 2111 2120 1768
f 1767 2119 2121 1766
f 820 2113 2124 1760
f 876 2118 2125 1763
f 1760 2124 2112 1761
f 2065 2077 1958 1937
f 1763 2125 2110 1764
f 1921 2126 2111 1759
f 1740 2123 2108 822
f 1454 2116 2109 814
f 1922 2127 2114 1765
f 1762 2122 2126 1921
f 1766 2121 2127 1922
f 2051 2039 1983 1990
f 2008 2046 2019 2021
f 1897 1998 1977 1893
f 1864 1897 1893 1868
f 1868 1946 1954 1864
f 2074 1954 1946 2059
f 2059 1846 1842 2074
f 2016 1842 1846 2010
f 1820 2016 2010 1824
f 1798 1820 1824 1802
f 1802 1780 1776 1798
f 2080 1776 1780 2097
f 2104 2080 2097 2123
f 2123 1740 824 2104
f 1740 1742 893 824
f 949 893 1742 1748
f 1748 1741 894 949
f 1741 1745 895 894
f 1816 1794 1792 1814
f 1770 1792 1794 1772
f 2082 1770 1772 2099
f 2115 2082 2099 2113
f 2113 820 813 2115
f 808 813 820 923
f 1726 808 923 952
f 811 1726 952 922
f 812 811 922 921
f 1724 812 921 825
f 809 1724 825 828
f 810 809 828 826
f 1728 810 826 990
f 1727 1728 990 968
f 1725 1727 968 827
f 1745 1744 896 895
f 1744 1743 897 896
f 1743 1747 898 897
f 987 898 1747 1750
f 1750 1749 969 987
f 1749 1746 899 969
f 1 2129 2128 2
f 1000 2131 2130 1001
f 999 2132 2131 1000
f 998 2133 2132 999
f 997 2134 2133 998
f 1013 2135 2128 996
f 1019 2137 2136 1018
f 103 2140 2139 64
f 1018 2136 2141 1017
f 1459 2154 2138 1012
f 1017 2141 2139 1016
f 1010 2144 2143 1011
f 1020 2140 2145 1015
f 1009 2146 2144 1010
f 1015 2145 2147 1014
f 1014 2147 2135 1013
f 1006 2150 2149 1007
f 1458 2155 2142 1005
f 1003 2152 2151 1004
f 995 2129 2134 997
f 1002 2153 2152 1003
f 1001 2130 2153 1002
f 34 2150 2142 31
f 1011 2143 2154 1459
f 1004 2151 2155 1458
f 42 2148 2149 37
f 45 2146 2148 42
f 73 2137 2138 54
f 3423 3422 2157 2156
f 2160 2161 2159 2158
f 3424 2163 2158 3423
f 2163 2164 2160 2158
f 2166 2167 2164 2163
f 3425 2166 2163 3424
f 2169 2170 2167 2166
f 3426 2169 2166 3425
f 2172 2173 2170 2169
f 3427 2172 2169 3426
f 2175 2176 2173 2172
f 3428 2175 2172 3427
f 2178 2179 2176 2175
f 3429 2178 2175 3428
f 2181 2182 2179 2178
f 3430 2181 2178 3429
f 2184 2185 2182 2181
f 3431 2184 2181 3430
f 3499 3498 2185 2184
f 3549 3499 2184 3431
f 2193 2194 2191 2190
f 3434 2193 2190 3433
f 3437 2202 2199 3436
f 2202 2201 2198 2199
f 3438 2205 2202 3437
f 2205 2204 2201 2202
f 3550 3501 2205 3438
f 3501 3503 2204 2205
f 3440 2210 2157 3422
f 2212 2211 2159 2161
f 2215 2214 2211 2212
f 3441 2213 2210 3440
f 2218 2217 2214 2215
f 3442 2216 2213 3441
f 2257 2256 2217 2218
f 3447 2258 2216 3442
f 2224 2223 2220 2221
f 3444 2222 2219 3443
f 2227 2226 2223 2224
f 3445 2225 2222 3444
f 2230 2229 2226 2227
f 3446 2228 2225 3445
f 3460 3465 2191 2194
f 3552 3464 2204 3503
f 3464 3462 2201 2204
f 3462 2235 2234 3461
f 3551 3458 2185 3498
f 3458 3456 2182 2185
f 3456 3455 2179 2182
f 3455 3454 2176 2179
f 3454 3453 2173 2176
f 3453 3452 2170 2173
f 3473 3451 2164 2167
f 3471 3472 2161 2160
f 3472 3470 2212 2161
f 3451 3471 2160 2164
f 3449 3450 2218 2215
f 3470 3449 2215 2212
f 3452 2238 2248 3473
f 3468 3469 2224 2221
f 3469 3467 2227 2224
f 3467 3448 2230 2227
f 3466 2259 2252 3468
f 2221 2220 2256 2257
f 3443 2219 2258 3447
f 3450 2251 2259 3466
f 2264 2260 2252 2259
f 2260 2261 2253 2252
f 2261 2262 2254 2253
f 2262 2263 2255 2254
f 2274 2270 2265 2269
f 2271 2272 2267 2266
f 2272 2273 2268 2267
f 2270 2271 2266 2265
f 2280 2276 2270 2274
f 2276 2277 2271 2270
f 2277 2278 2272 2271
f 2278 2279 2273 2272
f 2286 2282 2276 2280
f 2275 2279 2285 2281
f 2282 2283 2277 2276
f 2283 2284 2278 2277
f 2284 2285 2279 2278
f 137 133 2282 2286
f 2281 2285 136 132
f 133 134 2283 2282
f 134 135 2284 2283
f 135 136 2285 2284
f 2234 2235 2291 2290
f 2292 2291 2235 2236
f 3506 2292 2236 3504
f 2288 2287 2231 2232
f 2297 2296 2240 2241
f 2299 2298 2242 2243
f 2296 2295 2239 2240
f 2298 2297 2241 2242
f 2295 2294 2238 2239
f 2304 2303 2247 2248
f 2305 2306 2250 2249
f 2303 2301 2245 2247
f 2302 2305 2249 2246
f 2306 2307 2251 2250
f 2301 2302 2246 2245
f 2264 2259 2251 2307
f 2238 2294 2304 2248
f 2269 2314 2315 2274
f 2274 2315 2316 2280
f 2280 2316 2317 2286
f 2286 2317 170 137
f 2328 2329 2323 2322
f 2325 2328 2322 2319
f 2326 2324 2318 2320
f 2327 2326 2320 2321
f 2324 2325 2319 2318
f 2314 2323 2329 2315
f 2342 2341 2333 2334
f 2341 2336 2308 2333
f 2343 2342 2334 2335
f 2336 2337 2309 2308
f 2337 2338 2310 2309
f 2321 2310 2338 2327
f 2354 2353 2326 2327
f 2327 2338 2359 2354
f 2352 2355 2328 2325
f 2355 2356 2329 2328
f 2363 2362 2341 2342
f 2362 2357 2336 2341
f 2364 2363 2342 2343
f 2357 2358 2337 2336
f 2351 2352 2325 2324
f 3511 2364 2343 3509
f 2358 2359 2338 2337
f 2353 2351 2324 2326
f 2315 2329 2356 2316
f 2316 2356 2367 2317
f 2317 2367 221 170
f 2371 2370 2353 2354
f 2370 2368 2351 2353
f 2368 2369 2352 2351
f 2378 2379 2373 2355
f 2374 2375 2369 2368
f 2355 2373 2367 2356
f 2377 2376 2370 2371
f 2379 235 228 2373
f 2376 2374 2368 2370
f 2380 2381 2379 2378
f 2381 238 235 2379
f 3646 3645 2384 2385
f 3645 3647 2382 2384
f 3647 3648 2383 2382
f 2399 2398 2363 2364
f 2397 2394 2357 2362
f 2398 2397 2362 2363
f 2395 2396 2359 2358
f 3513 2399 2364 3511
f 2394 2395 2358 2357
f 2402 2403 2396 2395
f 2401 2402 2395 2394
f 2404 2401 2394 2397
f 2371 2354 2359 2396
f 2371 2396 2403 2377
f 3649 3650 2407 2406
f 3646 3650 2413 2391
f 3610 3618 2407 2385
f 3655 2901 2412 3649
f 2909 2908 2987 2988
f 295 2433 2926 1491
f 2421 2422 2420 2419
f 3516 3515 2422 2421
f 2346 2420 2422 2349
f 3515 3510 2349 2422
f 2430 2431 2926 3493
f 292 2431 2348 202
f 2348 2431 2430 2347
f 3493 2926 2433 2432
f 1491 2926 2431 292
f 2345 2424 3492 2350
f 2347 2430 2420 2346
f 2415 2416 2437 2436
f 2470 2453 2452 2471
f 2438 2439 2443 2442
f 2436 2437 2441 2440
f 308 2443 2439 303
f 2442 2443 2447 2446
f 2440 2441 2445 2444
f 313 2447 2443 308
f 2446 2447 2451 2450
f 2444 2445 2449 2448
f 318 2451 2447 313
f 2467 2426 2492 2493
f 2427 2454 2468 2467
f 2497 2496 2415 2461
f 2458 2457 2456 2455
f 2459 2460 2457 2458
f 2436 2462 2461 2415
f 2440 2463 2462 2436
f 2444 2464 2463 2440
f 2448 2465 2464 2444
f 2426 2466 2465 2448
f 2467 2468 2466 2426
f 2427 2460 2459 2454
f 2452 2453 2457 2460
f 2453 2428 2456 2457
f 1411 298 2435 3477
f 2496 2456 2428 2499
f 2418 2472 2421 2419
f 3516 3518 2473 2423
f 2423 2473 2474 2425
f 2491 2452 2460 2427
f 3490 3491 3569 3568
f 2450 2451 2476 2475
f 344 2476 2451 318
f 2454 2459 2480 2477
f 2477 2487 2468 2454
f 2464 2465 2485 2484
f 2461 2462 2482 2481
f 2479 2480 2459 2458
f 2462 2463 2483 2482
f 2497 2461 2481 2498
f 2465 2466 2486 2485
f 2478 2479 2458 2455
f 2487 2486 2466 2468
f 2463 2464 2484 2483
f 1429 3494 2476 344
f 2509 2495 2500 2510
f 2537 2538 2502 2503
f 2426 2448 2449 2492
f 2493 2491 2427 2467
f 2455 2456 2496 2497
f 2415 2496 2499 2416
f 2455 2497 2498 2478
f 2536 2537 2503 2505
f 456 2586 2490 363
f 1699 3752 3494 1429
f 2485 2486 2522 2521
f 2515 2516 2480 2479
f 2523 2522 2486 2487
f 2477 2480 2516 2513
f 2481 2482 2518 2517
f 2482 2483 2519 2518
f 2513 2523 2487 2477
f 2524 2514 2478 2498
f 2483 2484 2520 2519
f 2498 2481 2517 2524
f 2484 2485 2521 2520
f 2514 2515 2479 2478
f 2527 2525 2514 2524
f 2525 2526 2515 2514
f 2530 2528 2525 2527
f 2528 2529 2526 2525
f 2527 2524 2517 2518
f 2515 2526 2513 2516
f 2513 2526 2529 2523
f 2529 2521 2522 2523
f 2528 2520 2521 2529
f 2530 2519 2520 2528
f 2527 2518 2519 2530
f 2505 2503 2532 2531
f 2503 2502 2533 2532
f 2495 2540 2539 2500
f 3753 3496 3494 3752
f 2540 2543 2545 2544
f 2544 2545 2547 2546
f 2619 2618 2549 2548
f 2548 2549 2551 2550
f 2550 2551 2553 2552
f 2557 2558 2555 2554
f 2621 2622 2558 2557
f 2563 2564 2561 2560
f 2566 2567 2564 2563
f 2571 2572 2573 2574
f 2578 2569 2576 2577
f 2556 2539 2540 2544
f 2546 2559 2556 2544
f 2619 2620 2559 2546
f 2550 2565 2562 2548
f 2552 2568 2565 2550
f 2501 2534 2535 2494
f 2623 2571 2574 2624
f 2569 2570 2575 2576
f 2536 2573 2572 2537
f 2489 2582 2587 2488
f 3760 3761 2580 2579
f 3770 3762 2581 2625
f 3754 3755 3495 3559
f 3773 3763 2542 3750
f 2627 2590 2585 2626
f 2588 2589 2584 2583
f 2628 2593 2590 2627
f 2591 2592 2589 2588
f 2629 2596 2593 2628
f 2594 2595 2592 2591
f 510 469 2596 2629
f 467 468 2595 2594
f 3771 3762 2585 2598
f 2590 2599 2598 2585
f 2593 2600 2599 2590
f 2596 2601 2600 2593
f 469 475 2601 2596
f 3763 3760 2579 2542
f 2583 2541 2587 2588
f 2582 2591 2588 2587
f 2591 2582 2586 2594
f 456 467 2594 2586
f 2604 2605 2572 2571
f 2602 2603 2570 2569
f 2630 2604 2571 2623
f 2537 2572 2605 2538
f 2607 2538 2605 2611
f 2604 2610 2611 2605
f 2630 2631 2610 2604
f 2631 2630 2603 2609
f 2602 2608 2609 2603
f 2632 2616 2610 2631
f 2616 2617 2611 2610
f 3747 2612 2606 3746
f 2607 2611 2617 2613
f 2614 2615 2609 2608
f 2546 2547 2618 2619
f 2560 2561 2622 2621
f 2548 2562 2620 2619
f 2570 2623 2624 2575
f 3761 3770 2625 2580
f 2589 2627 2626 2584
f 2592 2628 2627 2589
f 2595 2629 2628 2592
f 468 510 2629 2595
f 2603 2630 2623 2570
f 2608 2602 2638 2637
f 2615 2632 2631 2609
f 2637 2636 2614 2608
f 2598 2599 2633 2634
f 2599 2600 2640 2633
f 3771 2598 2634 3769
f 2637 2638 2653 2652
f 2578 2638 2602 2569
f 2601 475 521 2639
f 2600 2601 2639 2640
f 2643 2644 2567 2566
f 2636 524 494 2614
f 2641 2645 2568 2552
f 2634 2633 2648 2649
f 2646 2647 2578 2577
f 2652 2653 2668 2667
f 2640 2639 2654 2655
f 2652 2651 2636 2637
f 2633 2640 2655 2648
f 2647 2653 2638 2578
f 3769 2634 2649 3768
f 2552 2553 2642 2641
f 2648 2655 2670 2663
f 2655 2654 2669 2670
f 2667 2666 2651 2652
f 3768 2649 2664 3759
f 2661 2662 2647 2646
f 2656 2660 2645 2641
f 2641 2642 2657 2656
f 2649 2648 2663 2664
f 2683 2682 2667 2668
f 2662 2668 2653 2647
f 2658 2659 2644 2643
f 2677 2683 2668 2662
f 2673 2674 2659 2658
f 2669 555 572 2684
f 2663 2670 2685 2678
f 2670 2669 2684 2685
f 2682 2681 2666 2667
f 3759 2664 2679 3758
f 2676 2677 2662 2661
f 2671 2675 2660 2656
f 2656 2657 2672 2671
f 2664 2663 2678 2679
f 2682 2683 2698 2697
f 2713 2712 2697 2698
f 2692 2698 2683 2677
f 2688 2689 2674 2673
f 2684 572 589 2699
f 2678 2685 2700 2693
f 2685 2684 2699 2700
f 2697 2696 2681 2682
f 3758 2679 2694 3757
f 2691 2692 2677 2676
f 2686 2690 2675 2671
f 2671 2672 2687 2686
f 2771 2786 694 677
f 2679 2678 2693 2694
f 2701 2705 2690 2686
f 2686 2687 2702 2701
f 2756 2771 677 660
f 2694 2693 2708 2709
f 2712 2713 2728 2727
f 2707 2713 2698 2692
f 660 643 2741 2756
f 2703 2704 2689 2688
f 2699 589 606 2714
f 643 626 2726 2741
f 2693 2700 2715 2708
f 2700 2699 2714 2715
f 2712 2711 2696 2697
f 3757 2694 2709 3756
f 2706 2707 2692 2691
f 2714 606 623 2729
f 2726 626 609 2711
f 2708 2715 2730 2723
f 2715 2714 2729 2730
f 2727 2726 2711 2712
f 3756 2709 2724 3767
f 2721 2722 2707 2706
f 2716 2720 2705 2701
f 2701 2702 2717 2716
f 592 2696 2711 609
f 2709 2708 2723 2724
f 2743 2742 2727 2728
f 2722 2728 2713 2707
f 2696 592 575 2681
f 2718 2719 2704 2703
f 2737 2743 2728 2722
f 2681 575 558 2666
f 2733 2734 2719 2718
f 2729 623 640 2744
f 2666 558 541 2651
f 2723 2730 2745 2738
f 2730 2729 2744 2745
f 2742 2741 2726 2727
f 3767 2724 2739 3766
f 2736 2737 2722 2721
f 2731 2735 2720 2716
f 2716 2717 2732 2731
f 2724 2723 2738 2739
f 2743 2758 2757 2742
f 2772 2757 2758 2773
f 2752 2758 2743 2737
f 2616 496 497 2617
f 2748 2749 2734 2733
f 2744 640 657 2759
f 2738 2745 2760 2753
f 2745 2744 2759 2760
f 2757 2756 2741 2742
f 3766 2739 2754 3765
f 2751 2752 2737 2736
f 2746 2750 2735 2731
f 2731 2732 2747 2746
f 514 2632 2615 495
f 2739 2738 2753 2754
f 2759 657 674 2774
f 2753 2760 2775 2768
f 2760 2759 2774 2775
f 2772 2771 2756 2757
f 3765 2754 2769 3764
f 2766 2767 2752 2751
f 2761 2765 2750 2746
f 2746 2747 2762 2761
f 2754 2753 2768 2769
f 2787 2772 2773 2788
f 2767 2773 2758 2752
f 3747 1694 492 2612
f 2763 2764 2749 2748
f 2776 2780 2765 2761
f 2761 2762 2777 2776
f 2769 2768 2783 2784
f 2782 2788 2773 2767
f 2778 2779 2764 2763
f 2774 674 691 2789
f 2768 2775 2790 2783
f 2775 2774 2789 2790
f 2787 2786 2771 2772
f 3764 2769 2784 3775
f 2781 2782 2767 2766
f 2796 2797 2782 2781
f 2802 2787 2788 2803
f 2786 2801 711 694
f 2791 2795 2780 2776
f 2776 2777 2792 2791
f 2785 2800 2792 2777
f 2797 2803 2788 2782
f 2793 2794 2779 2778
f 2789 691 708 2804
f 2783 2790 2805 2798
f 2790 2789 2804 2805
f 2787 2802 2801 2786
f 3775 2784 2799 3774
f 2799 2784 2783 2798
f 3774 2791 2792 2800
f 2796 2795 2791 2797
f 3648 3660 2392 2383
f 2818 2817 2606 2612
f 2807 2511 2512 2819
f 2531 2532 2824 2823
f 2534 2554 2555 2535
f 2824 2532 2533 2816
f 2820 2836 2838 2821
f 2833 2832 2921 2920
f 2840 2841 2839 2837
f 2842 2843 2841 2840
f 2844 2845 2843 2842
f 2848 2849 2847 2846
f 2850 2851 2849 2848
f 2852 2853 2851 2850
f 2832 2831 2922 2921
f 3006 3005 2856 2857
f 2857 2856 2859 2860
f 2860 2859 2862 2863
f 2859 773 777 2862
f 2834 2833 2920 2919
f 2391 2390 3645 3646
f 2837 2847 2849 2840
f 2840 2849 2851 2842
f 2842 2851 2853 2844
f 2841 2843 2866 2865
f 2843 2845 2867 2866
f 2865 2866 2870 2869
f 2866 2867 2871 2870
f 2867 2868 2872 2871
f 2869 2870 2874 2873
f 2870 2871 2875 2874
f 2871 2872 2876 2875
f 2873 2874 2878 2877
f 2874 2875 2879 2878
f 2875 2876 2880 2879
f 2877 2878 2882 2881
f 2878 2879 2883 2882
f 2879 2880 2884 2883
f 2881 2882 2886 2885
f 2882 2883 2887 2886
f 2883 2884 2888 2887
f 3030 3031 804 803
f 3031 3043 805 804
f 3043 3042 806 805
f 2986 3058 3779 2892
f 3058 3033 3778 3779
f 2984 2985 2891 3776
f 3022 2982 2893 3777
f 2985 2986 2892 2891
f 2982 2983 2894 2893
f 3651 2898 2897 3652
f 3652 2897 2900 3653
f 2992 3003 2995 2994
f 3661 3520 2898 3651
f 2958 2959 2965 2964
f 3653 2900 2901 3655
f 2907 2909 2988 2991
f 2994 2907 2991 2992
f 2965 2959 2960 2966
f 3656 2921 2922 3657
f 2841 2865 2912 2839
f 2869 2913 2912 2865
f 2873 2914 2913 2869
f 2877 2915 2914 2873
f 2881 2916 2915 2877
f 2885 2917 2916 2881
f 2366 2929 2928 2360
f 3505 3507 2299 2243
f 2288 2331 2930 2287
f 3521 3507 2300 2931
f 3521 3509 2343 2335
f 2932 2933 2930 2331
f 2928 2933 2932 2360
f 2294 2310 2321 2304
f 2297 2333 2308 2296
f 2264 2269 2265 2260
f 2299 2335 2334 2298
f 2305 2322 2323 2306
f 2261 2266 2267 2262
f 2301 2318 2319 2302
f 2295 2309 2310 2294
f 2260 2265 2266 2261
f 2298 2334 2333 2297
f 2306 2323 2314 2307
f 2302 2319 2322 2305
f 2304 2321 2320 2303
f 2269 2264 2307 2314
f 2296 2308 2309 2295
f 2303 2320 2318 2301
f 2262 2267 2268 2263
f 2831 2938 2939 2922
f 3657 2922 2939 3658
f 2821 2945 2946 2820
f 2941 2948 2949 2943
f 2947 2949 2948 2940
f 2918 2944 2943 2949
f 2918 2949 2947 2835
f 2858 2950 2951 2861
f 2950 2953 2952 2951
f 3009 2947 2940 3008
f 3009 2950 2858 3010
f 2942 2919 2920 2829
f 3045 3044 2854 2954
f 3014 2854 2846 3016
f 3012 2837 2839 3011
f 3015 2954 2854 3014
f 3012 2938 2831 3013
f 3016 2846 2847 3013
f 3007 3011 2839 2912
f 2981 3022 3777 2890
f 2903 2981 2890 2895
f 3519 2889 2898 3520
f 3033 913 1725 3778
f 2983 2984 3776 2894
f 2938 2896 2899 2939
f 2978 2979 3782 3785
f 3017 3007 2912 2913
f 3697 3035 878 1641
f 3951 3950 3040 3053
f 3952 3951 3053 2962
f 3694 2916 2917 3695
f 3693 2915 2916 3694
f 3692 2914 2915 3693
f 3698 2913 2914 3692
f 3050 3052 2917 2885
f 2965 2966 2972 2971
f 3039 892 899 3038
f 2964 2965 2971 2970
f 2967 2968 2974 2973
f 3019 2964 2970 3020
f 2966 2967 2973 2972
f 3797 3791 2976 3021
f 3794 3793 2979 2978
f 3795 3794 2978 2977
f 3798 1746 906 3034
f 3791 3795 2977 2976
f 3793 3796 2980 2979
f 3782 3781 2986 2985
f 3787 3783 2982 3022
f 3785 3782 2985 2984
f 3786 3785 2984 2983
f 3788 1736 913 3033
f 3783 3786 2983 2982
f 3041 3036 829 830
f 2989 2988 2987 2910
f 2390 2993 2997 2388
f 2990 2391 2413 2414
f 2990 2993 2390 2391
f 3061 2987 2908 3059
f 2966 2960 2961 2967
f 2967 2961 2962 2968
f 3659 1600 252 2393
f 2997 2998 2389 2388
f 3660 3659 2393 2392
f 3956 3953 2993 2990
f 3956 2990 2414 3957
f 2962 3053 3057 2968
f 3004 3003 2992 3001
f 3001 2992 2991 3002
f 3953 3954 2997 2993
f 2838 2836 3005 3006
f 3053 3040 3039 3057
f 2950 3009 3008 2953
f 2947 3009 3010 2835
f 2833 3014 3016 2832
f 2938 3012 3011 2830
f 2834 3015 3014 2833
f 2837 3012 3013 2847
f 2832 3016 3013 2831
f 2911 2830 3011 3007
f 2956 2911 3007 3017
f 3691 3017 2913 3698
f 2963 3019 3020 2969
f 3792 3797 3021 2975
f 3784 3787 3022 2981
f 3001 3002 3024 3025
f 3001 3025 3026 3004
f 3040 885 892 3039
f 3002 2989 3027 3024
f 3960 1911 959 3028
f 3054 3060 3042 3043
f 829 3036 3037 827
f 3962 3018 2957 3963
f 3051 3063 3029 2910
f 2375 2380 2378 2369
f 3028 959 927 3000
f 3057 3039 3038 3056
f 2910 3029 3027 2989
f 3062 3054 3043 3031
f 3789 3788 3033 3058
f 3002 2991 2988 2989
f 3032 3041 830 957
f 3050 3062 3031 3030
f 3799 3798 3034 3055
f 803 878 3035 3030
f 3051 3061 3036 3041
f 3954 3027 3029 3959
f 2352 2369 2378 2355
f 2502 3746 2606 2533
f 2817 2816 2533 2606
f 2825 2818 725 734
f 2941 2945 2821 2948
f 2948 2821 2838 2940
f 3006 3008 2940 2838
f 3008 3006 2857 2953
f 2860 2952 2953 2857
f 2856 769 773 2859
f 3005 935 769 2856
f 935 3005 2836 766
f 766 2836 2820 748
f 2946 733 748 2820
f 3554 3662 2936 3719
f 3708 3707 2943 2944
f 3707 3706 2941 2943
f 3706 3705 2945 2941
f 3705 3704 2946 2945
f 2423 2425 3492 2424
f 3047 3046 3044 3045
f 2846 2854 3044 2848
f 2848 3044 3046 2850
f 2951 3048 2864 2861
f 2952 3049 3048 2951
f 2863 3049 2952 2860
f 2850 3046 2855 2852
f 2969 2906 2905 2963
f 3790 3792 2975 2904
f 3021 2976 3783 3787
f 3000 2999 2372 3028
f 2999 2389 2998 2372
f 3030 3035 3052 3050
f 3036 3061 3059 3037
f 2887 2888 3060 3054
f 3041 3032 3063 3051
f 2968 3057 3056 2974
f 2886 2887 3054 3062
f 3781 3789 3058 2986
f 2885 2886 3062 3050
f 3796 3799 3055 2980
f 2910 2987 3061 3051
f 3960 3964 3063 3032
f 3964 3959 3029 3063
f 4176 4175 3065 3064
f 4178 4177 2174 2171
f 4179 4178 2171 2168
f 4180 4179 2168 2165
f 4181 4180 2165 2162
f 4182 4175 2157 2210
f 4184 4183 2225 2228
f 4187 4186 3085 3089
f 4183 4188 2222 2225
f 4201 4185 2209 3502
f 4188 4186 2219 2222
f 4191 4190 2206 2203
f 4187 4192 2216 2258
f 4193 4191 2203 2200
f 4192 4194 2213 2216
f 4194 4182 2210 2213
f 4197 4196 2192 2189
f 4202 4189 2186 3500
f 4199 4198 2183 2180
f 4176 4181 2162 2156
f 4200 4199 2180 2177
f 4177 4200 2177 2174
f 3104 3105 3079 3078
f 3101 3102 3076 3075
f 3096 3097 3071 3070
f 3090 3092 3066 3064
f 3110 3109 3083 3084
f 3105 3106 3080 3079
f 3097 3098 3072 3071
f 3092 3093 3067 3066
f 3089 3085 3111 3115
f 3115 3110 3084 3089
f 3526 3107 3081 3524
f 3098 3099 3073 3072
f 3093 3094 3068 3067
f 3112 3111 3085 3086
f 3525 3100 3074 3523
f 3094 3095 3069 3068
f 3113 3112 3086 3087
f 3108 3091 3065 3082
f 3095 3096 3070 3069
f 3064 3065 3091 3090
f 3114 3113 3087 3088
f 3109 3108 3082 3083
f 3135 3134 3108 3109
f 3130 3131 3105 3104
f 3127 3128 3102 3101
f 3122 3123 3097 3096
f 3116 3118 3092 3090
f 3136 3135 3109 3110
f 3131 3132 3106 3105
f 3123 3124 3098 3097
f 3118 3119 3093 3092
f 3115 3111 3137 3141
f 3141 3136 3110 3115
f 3528 3133 3107 3526
f 3124 3125 3099 3098
f 3119 3120 3094 3093
f 3138 3137 3111 3112
f 3527 3126 3100 3525
f 3120 3121 3095 3094
f 3139 3138 3112 3113
f 3134 3117 3091 3108
f 3121 3122 3096 3095
f 3090 3091 3117 3116
f 3140 3139 3113 3114
f 3165 3164 3138 3139
f 3160 3143 3117 3134
f 3147 3148 3122 3121
f 3116 3117 3143 3142
f 3166 3165 3139 3140
f 3161 3160 3134 3135
f 3156 3157 3131 3130
f 3153 3154 3128 3127
f 3148 3149 3123 3122
f 3142 3144 3118 3116
f 3162 3161 3135 3136
f 3157 3158 3132 3131
f 3149 3150 3124 3123
f 3144 3145 3119 3118
f 3141 3137 3163 3167
f 3167 3162 3136 3141
f 3530 3159 3133 3528
f 3150 3151 3125 3124
f 3145 3146 3120 3119
f 3164 3163 3137 3138
f 3529 3152 3126 3527
f 3146 3147 3121 3120
f 3168 3170 3144 3142
f 3188 3187 3161 3162
f 3183 3184 3158 3157
f 3175 3176 3150 3149
f 3170 3171 3145 3144
f 3167 3163 3189 3193
f 3193 3188 3162 3167
f 3532 3185 3159 3530
f 3176 3177 3151 3150
f 3171 3172 3146 3145
f 3190 3189 3163 3164
f 3531 3178 3152 3529
f 3172 3173 3147 3146
f 3191 3190 3164 3165
f 3186 3169 3143 3160
f 3173 3174 3148 3147
f 3142 3143 3169 3168
f 3192 3191 3165 3166
f 3187 3186 3160 3161
f 3182 3183 3157 3156
f 3179 3180 3154 3153
f 3174 3175 3149 3148
f 3168 3169 3195 3194
f 3218 3217 3191 3192
f 3213 3212 3186 3187
f 3208 3209 3183 3182
f 3205 3206 3180 3179
f 3200 3201 3175 3174
f 3194 3196 3170 3168
f 3214 3213 3187 3188
f 3209 3210 3184 3183
f 3201 3202 3176 3175
f 3196 3197 3171 3170
f 3193 3189 3215 3219
f 3219 3214 3188 3193
f 3534 3211 3185 3532
f 3202 3203 3177 3176
f 3197 3198 3172 3171
f 3216 3215 3189 3190
f 3533 3204 3178 3531
f 3198 3199 3173 3172
f 3217 3216 3190 3191
f 3212 3195 3169 3186
f 3199 3200 3174 3173
f 3224 3225 3199 3198
f 3199 3225 3237 3200
f 3200 3237 3226 3201
f 3202 3227 3234 3203
f 3244 3243 3217 3218
f 3533 3535 3229 3204
f 3205 3230 3231 3206
f 3208 3233 3228 3209
f 3220 3222 3196 3194
f 3209 3228 3235 3210
f 3212 3213 3238 3239
f 3226 3227 3202 3201
f 3217 3243 3221 3216
f 3219 3215 3241 3245
f 3216 3221 3241 3215
f 3536 3236 3211 3534
f 3219 3245 3223 3214
f 3214 3223 3238 3213
f 3212 3239 3242 3195
f 3220 3194 3195 3242
f 3196 3222 3240 3197
f 3197 3240 3224 3198
f 3204 3229 3230 3205
f 3179 3178 3204 3205
f 3153 3152 3178 3179
f 3152 3153 3127 3126
f 3224 3240 3266 3250
f 3245 3241 3267 3271
f 3223 3245 3271 3249
f 3536 3235 3261 3538
f 3228 3233 3259 3254
f 3239 3238 3264 3265
f 3234 3227 3253 3260
f 3222 3220 3246 3248
f 3238 3223 3249 3264
f 3535 3234 3260 3537
f 3225 3224 3250 3251
f 3240 3222 3248 3266
f 3242 3239 3265 3268
f 3221 3243 3269 3247
f 3231 3230 3256 3257
f 3237 3225 3251 3263
f 3243 3244 3270 3269
f 3241 3221 3247 3267
f 3235 3228 3254 3261
f 3226 3237 3263 3252
f 3220 3242 3268 3246
f 3230 3229 3255 3256
f 3227 3226 3252 3253
f 3537 3260 3286 3539
f 3251 3250 3276 3277
f 3265 3264 3290 3291
f 3269 3270 3296 3295
f 3247 3269 3295 3273
f 3257 3256 3282 3283
f 3263 3251 3277 3289
f 3246 3268 3294 3272
f 3267 3247 3273 3293
f 3261 3254 3280 3287
f 3252 3263 3289 3278
f 3271 3267 3293 3297
f 3249 3271 3297 3275
f 3256 3255 3281 3282
f 3253 3252 3278 3279
f 3266 3248 3274 3292
f 3264 3249 3275 3290
f 3538 3261 3287 3540
f 3254 3259 3285 3280
f 3260 3253 3279 3286
f 3248 3246 3272 3274
f 3250 3266 3292 3276
f 3268 3265 3291 3294
f 3273 3295 3321 3299
f 3283 3282 3308 3309
f 3289 3277 3303 3315
f 3272 3294 3320 3298
f 3293 3273 3299 3319
f 3287 3280 3306 3313
f 3278 3289 3315 3304
f 3297 3293 3319 3323
f 3275 3297 3323 3301
f 3282 3281 3307 3308
f 3279 3278 3304 3305
f 3292 3274 3300 3318
f 3290 3275 3301 3316
f 3540 3287 3313 3542
f 3280 3285 3311 3306
f 3286 3279 3305 3312
f 3274 3272 3298 3300
f 3276 3292 3318 3302
f 3294 3291 3317 3320
f 3539 3286 3312 3541
f 3277 3276 3302 3303
f 3291 3290 3316 3317
f 3295 3296 3322 3321
f 3720 3324 3359 3360
f 3343 3355 3328 3340
f 3351 3545 3726 3332
f 3725 3724 3543 3544
f 3356 3357 3326 3327
f 3544 3349 3334 3725
f 3327 3721 3361 3356
f 3324 3325 3358 3359
f 3333 3336 3347 3350
f 3724 3331 3352 3543
f 3729 3727 3546 3548
f 3330 3338 3345 3353
f 3332 3333 3350 3351
f 3721 3329 3354 3361
f 3338 3337 3346 3345
f 3363 3352 3331 3723
f 3341 3330 3353 3342
f 3340 3720 3360 3343
f 3548 3347 3336 3729
f 3723 3722 3362 3363
f 3342 3354 3329 3341
f 3337 3728 3547 3346
f 3344 3348 3335 3339
f 3355 3362 3722 3328
f 3545 3344 3339 3726
f 3325 3326 3357 3358
f 3728 3335 3348 3547
f 3548 3546 3300 3298
f 3312 3305 3362 3355
f 3361 3354 3313 3306
f 3316 3301 3545 3351
f 3546 3349 3318 3300
f 3542 3313 3354 3342
f 3363 3362 3305 3304
f 3356 3361 3306 3311
f 3301 3323 3344 3545
f 3323 3319 3348 3344
f 3343 3360 3307 3541
f 3304 3315 3352 3363
f 3360 3359 3308 3307
f 3547 3348 3319 3299
f 3298 3320 3347 3548
f 3311 3310 3357 3356
f 3543 3352 3315 3303
f 3359 3358 3309 3308
f 3346 3547 3299 3321
f 2365 2928 2929 2400
f 3654 3658 2939 2899
f 2896 2938 2830 2955
f 2344 2933 2928 2365
f 2933 2344 2931 2930
f 2930 2931 2300 2287
f 2244 2231 2287 2300
f 3465 3457 2188 2191
f 2187 2190 2191 2188
f 3432 3433 2190 2187
f 4197 4189 3074 3075
f 3075 3074 3100 3101
f 3101 3100 3126 3127
f 3364 3047 3045 3365
f 3365 3045 2954 3366
f 3367 3010 2858 3366
f 3367 3015 2834 3368
f 3369 2918 2835 3368
f 3369 2919 2942 3370
f 3709 3708 2944 3370
f 295 1411 3477 2433
f 3478 2432 2433 3477
f 3373 2531 2823 3372
f 3748 2505 2531 3373
f 3375 2573 2536 3374
f 3376 2574 2573 3375
f 3377 2624 2574 3376
f 3377 2622 2561 3378
f 3379 2576 2575 3378
f 3380 2577 2576 3379
f 3381 2646 2577 3380
f 3381 2644 2659 3382
f 3383 2676 2661 3382
f 3384 2691 2676 3383
f 3384 2689 2704 3385
f 3385 2704 2719 3386
f 3387 2736 2721 3386
f 3388 2751 2736 3387
f 3388 2749 2764 3389
f 3389 2764 2779 3390
f 3390 2779 2794 3391
f 3392 2795 2796 3391
f 3392 2793 2778 3393
f 3393 2778 2763 3394
f 3395 2750 2765 3394
f 3395 2748 2733 3396
f 3397 2720 2735 3396
f 3398 2705 2720 3397
f 3398 2703 2688 3399
f 3399 2688 2673 3400
f 3401 2660 2675 3400
f 3402 2645 2660 3401
f 3402 2643 2566 3403
f 3404 2565 2568 3403
f 3405 2562 2565 3404
f 3406 2620 2562 3405
f 3406 2621 2557 3407
f 3408 2556 2559 3407
f 3408 2554 2534 3409
f 3749 2501 2511 3410
f 3410 2511 2807 3411
f 2418 2432 3478 3475
f 2418 3475 3481 2472
f 2864 3364 3365 2861
f 2861 3365 3366 2858
f 3015 3367 3366 2954
f 3010 3367 3368 2835
f 2919 3369 3368 2834
f 2918 3369 3370 2944
f 2417 2416 2499 2469
f 3553 3518 2472 3481
f 3553 3479 2473 3518
f 2512 3373 3372 2819
f 2494 3748 3373 2512
f 2555 3375 3374 2535
f 2558 3376 3375 2555
f 2622 3377 3376 2558
f 2624 3377 3378 2575
f 2564 3379 3378 2561
f 2567 3380 3379 2564
f 2644 3381 3380 2567
f 2646 3381 3382 2661
f 2674 3383 3382 2659
f 2689 3384 3383 2674
f 2691 3384 3385 2706
f 2706 3385 3386 2721
f 2734 3387 3386 2719
f 2749 3388 3387 2734
f 2751 3388 3389 2766
f 2766 3389 3390 2781
f 2781 3390 3391 2796
f 2793 3392 3391 2794
f 2795 3392 3393 2780
f 2780 3393 3394 2765
f 2748 3395 3394 2763
f 2750 3395 3396 2735
f 2718 3397 3396 2733
f 2703 3398 3397 2718
f 2705 3398 3399 2690
f 2690 3399 3400 2675
f 2658 3401 3400 2673
f 2643 3402 3401 2658
f 2645 3402 3403 2568
f 2563 3404 3403 2566
f 2560 3405 3404 2563
f 2621 3406 3405 2560
f 2620 3406 3407 2559
f 2554 3408 3407 2557
f 2556 3408 3409 2539
f 2500 3749 3410 2510
f 2510 3410 3411 2806
f 3480 2474 2473 3479
f 3679 3412 3413 3678
f 3678 3413 3414 3677
f 3677 3414 3415 3676
f 3675 3416 3417 3674
f 3674 3417 3418 2923
f 2923 3418 3419 3730
f 3730 3419 3420 3680
f 3680 3420 3421 3731
f 2158 2159 3422 3423
f 2162 3424 3423 2156
f 2165 3425 3424 2162
f 2168 3426 3425 2165
f 2171 3427 3426 2168
f 2174 3428 3427 2171
f 2177 3429 3428 2174
f 2180 3430 3429 2177
f 2183 3431 3430 2180
f 3500 3549 3431 2183
f 2192 3434 3433 2189
f 2203 3437 3436 2200
f 2206 3438 3437 2203
f 3502 3550 3438 2206
f 2211 3440 3422 2159
f 2214 3441 3440 2211
f 2217 3442 3441 2214
f 2256 3447 3442 2217
f 2223 3444 3443 2220
f 2226 3445 3444 2223
f 2229 3446 3445 2226
f 2220 3443 3447 2256
f 2186 2189 3433 3432
f 2246 2249 3470 3472
f 2239 2238 3452 3453
f 2236 2235 3462 3464
f 2232 2231 3465 3460
f 2248 2247 3451 3473
f 2253 2254 3467 3469
f 2254 2255 3448 3467
f 2170 3452 3473 2167
f 2241 2240 3454 3455
f 2218 3450 3466 2257
f 2242 2241 3455 3456
f 2231 2244 3457 3465
f 3505 2243 3458 3551
f 2252 2253 3469 3468
f 2247 2245 3471 3451
f 2245 2246 3472 3471
f 2257 3466 3468 2221
f 2250 2251 3450 3449
f 2240 2239 3453 3454
f 2201 3462 3461 2198
f 2249 2250 3449 3470
f 3504 2236 3464 3552
f 2243 2242 3456 3458
f 2187 2188 3498 3499
f 3476 2425 2474 3480
f 3492 2425 3476 3560
f 3484 3485 3482 3483
f 3522 3512 2361 2330
f 2313 2312 3487 3486
f 3508 3522 2330 2934
f 2313 2348 2347 2312
f 2471 3480 3479 2470
f 165 2313 3486 1420
f 165 202 2348 2313
f 3485 3508 2934 3482
f 2471 2452 2491 2429
f 3715 3627 3663 3718
f 3421 2387 245 1353
f 3420 2386 2387 3421
f 3419 2808 2386 3420
f 2808 3419 3418 2809
f 2449 3559 3495 2492
f 3556 2493 2492 3495
f 3557 2429 2491 3558
f 2445 2450 2475 2449
f 2441 2446 2450 2445
f 2437 2442 2446 2441
f 2442 2437 2416 2438
f 2416 2417 2434 2438
f 2432 2418 2419 3493
f 2509 2510 2806 2508
f 2438 2434 2435 2439
f 298 303 2439 2435
f 3432 2187 3499 3549
f 3439 2208 3501 3550
f 2208 2207 3503 3501
f 3463 3552 3503 2207
f 3457 3551 3498 2188
f 2293 3506 3504 2237
f 2365 3511 3509 2344
f 2400 3513 3511 2365
f 2423 2424 3515 3516
f 2424 2345 3510 3515
f 2809 3418 3417 2810
f 2350 3492 3560 3567
f 2421 2472 3518 3516
f 3654 2899 3520 3661
f 2244 2300 3507 3505
f 2335 2299 3507 3521
f 2931 2344 3509 3521
f 3664 3715 3485 3484
f 2896 3519 3520 2899
f 2292 3663 3627 2291
f 4190 4201 3502 2206
f 4198 4202 3500 2183
f 3106 3526 3524 3080
f 3099 3525 3523 3073
f 3132 3528 3526 3106
f 3125 3527 3525 3099
f 3158 3530 3528 3132
f 3151 3529 3527 3125
f 3184 3532 3530 3158
f 3177 3531 3529 3151
f 3210 3534 3532 3184
f 3203 3533 3531 3177
f 3203 3234 3535 3533
f 3235 3536 3534 3210
f 3236 3536 3538 3262
f 3229 3535 3537 3255
f 3255 3537 3539 3281
f 3262 3538 3540 3288
f 3288 3540 3542 3314
f 3281 3539 3541 3307
f 3345 3346 3321 3322
f 3351 3350 3317 3316
f 3544 3543 3303 3302
f 3541 3312 3355 3343
f 3358 3357 3310 3309
f 3353 3345 3322 3314
f 3342 3353 3314 3542
f 2810 3417 3416 2811
f 2186 3432 3549 3500
f 2209 3439 3550 3502
f 2244 3505 3551 3457
f 2237 3504 3552 3463
f 3631 3578 1519 1568
f 3636 3627 3715 3664
f 3517 2428 2453 2470
f 3493 2419 2420 2430
f 2428 3517 2469 2499
f 3496 3559 2449 2475
f 3607 3412 3679 3740
f 3557 3560 3476 2429
f 2475 2476 3494 3496
f 2818 2825 2822 2817
f 3560 3557 3497 3567
f 2826 2816 2817 2822
f 2816 2826 2925 2824
f 2924 2823 2824 2925
f 2434 3478 3477 2435
f 2417 3475 3478 2434
f 3475 2417 2469 3481
f 3517 3553 3481 2469
f 3553 3517 2470 3479
f 2311 2345 2350 2332
f 2429 3476 3480 2471
f 3371 3372 2823 2924
f 3372 3371 3563 2819
f 3564 2807 2819 3563
f 3565 3411 2807 3564
f 3411 3565 3566 2806
f 2806 3566 3673 2508
f 3567 3497 3491 3490
f 3733 3732 2927 3562
f 3567 3490 2332 2350
f 2936 2273 2279 3512
f 3415 2815 2811 3416
f 2815 3415 3414 2814
f 3719 2936 3512 3522
f 2814 3414 3413 2812
f 2812 3413 3412 2813
f 3718 3719 3522 3508
f 3596 3575 3624 3623
f 3412 3607 3608 2813
f 3605 3608 3607 3604
f 3604 3601 3602 3605
f 3601 3598 3599 3602
f 3596 3599 3598 3595
f 3573 3575 3596 3595
f 3709 3370 2942 3710
f 3637 3588 1528 1582
f 132 1420 3486 2281
f 2281 3486 3487 2275
f 3635 3576 3577 3625
f 3672 2361 2275 3487
f 3632 3631 3588 3587
f 3625 3577 3584 3629
f 3634 3628 3585 3591
f 3630 3632 3587 3586
f 3628 3630 3586 3585
f 3633 3590 3589 3629
f 2946 3704 1653 733
f 3633 3634 3591 3590
f 3587 3588 3637 3638
f 3586 3587 3638 3639
f 3735 3573 3595 3736
f 3599 3596 3623 3622
f 3736 3595 3598 3737
f 3737 3598 3601 3738
f 3670 2330 2361 3672
f 2330 3670 3668 2934
f 3738 3601 3604 3739
f 3739 3604 3607 3740
f 3619 2410 2409 3620
f 3620 2409 2408 3613
f 2398 3606 2404 2397
f 2399 3603 3606 2398
f 3513 3600 3603 2399
f 3600 3513 2400 3597
f 3597 2400 2929 3594
f 3594 2929 2366 3489
f 3621 3514 2410 3619
f 2393 252 1549 3611
f 2392 2393 3611 3612
f 2382 2383 3614 3609
f 2385 2384 3615 3610
f 2384 2382 3609 3615
f 2383 2392 3612 3614
f 2408 2405 3616 3613
f 2405 2406 3617 3616
f 2406 2407 3618 3617
f 3514 3621 3622 2411
f 2411 3622 3623 2937
f 2937 3623 3624 2828
f 2290 2291 3627 3636
f 3575 3574 3626 3624
f 3592 3635 3625 3593
f 3579 3578 3631 3632
f 3593 3625 3629 3589
f 3582 3581 3628 3634
f 3580 3579 3632 3630
f 3581 3580 3630 3628
f 3583 3633 3629 3584
f 3583 3582 3634 3633
f 3585 3586 3639 3640
f 3666 3482 2934 3668
f 3665 3483 3482 3666
f 3474 3483 3665 3568
f 3474 3568 3569 3571
f 3635 3561 3570 3576
f 3591 3585 3640 3641
f 3590 3591 3641 3642
f 3590 3642 3643 3589
f 3589 3643 3644 3593
f 3711 3644 3643 3710
f 3626 2827 2828 3624
f 2390 2388 3647 3645
f 2388 2389 3648 3647
f 2412 2413 3650 3649
f 2385 2407 3650 3646
f 2405 3655 3649 2406
f 2389 2999 3660 3648
f 2410 3651 3652 2409
f 2409 3652 3653 2408
f 3514 3661 3651 2410
f 2408 3653 3655 2405
f 2827 3656 3657 2828
f 2828 3657 3658 2937
f 3000 927 1600 3659
f 2999 3000 3659 3660
f 2411 2937 3658 3654
f 2411 3654 3661 3514
f 3656 2829 2920 2921
f 3641 3640 3707 3708
f 2292 3506 3554 3663
f 3506 2293 3662 3554
f 3485 3715 3718 3508
f 2275 2361 3512 2279
f 3573 3572 3574 3575
f 2927 3570 3561 3562
f 3568 3665 2332 3490
f 3566 3565 3576 3570
f 3576 3565 3564 3577
f 3666 2311 2332 3665
f 2311 3666 3668 3667
f 3577 3564 3563 3584
f 3584 3563 3371 3583
f 3510 2345 2311 3667
f 3583 3371 2924 3582
f 3667 3668 3670 3669
f 2925 3581 3582 2924
f 3510 3667 3669 2349
f 3671 2346 2349 3669
f 2312 2347 2346 3671
f 3671 3669 3670 3672
f 3672 3487 2312 3671
f 2826 3580 3581 2925
f 2822 3579 3580 2826
f 3579 2822 2825 3578
f 3732 3741 3673 2927
f 3416 3675 3676 3415
f 3950 3681 1623 1901
f 3696 3697 3681 3682
f 3695 3696 3682 3683
f 3955 3684 3683 3952
f 3958 3685 3684 3955
f 3961 3686 3685 3958
f 3965 3687 3686 3961
f 3962 3688 3687 3965
f 3691 3688 3689 3690
f 3684 3694 3695 3683
f 3681 3697 1641 1623
f 3687 3698 3692 3686
f 3688 3691 3698 3687
f 3052 3035 3697 3696
f 3685 3693 3694 3684
f 3686 3692 3693 3685
f 2917 3052 3696 3695
f 3017 3691 3690 2956
f 3673 3566 3570 2927
f 3701 3702 3700 3699
f 3635 3592 3701 3561
f 3699 3562 3561 3701
f 3733 3562 3699 3743
f 3701 3592 3703 3702
f 3703 3592 3593 3644
f 3640 3639 3706 3707
f 3639 3638 3705 3706
f 3638 3637 3704 3705
f 3642 3641 3708 3709
f 3642 3709 3710 3643
f 2829 3711 3710 2942
f 3572 3714 3713 3574
f 3716 3488 3555 3717
f 3711 3712 3703 3644
f 3717 3555 2340 3484
f 3711 2827 3626 3712
f 3474 3571 3716 3717
f 3484 3483 3474 3717
f 3712 3626 3574 3713
f 2829 3656 2827 3711
f 3702 3703 3712 3713
f 3663 3554 3719 3718
f 3713 3714 3700 3702
f 3488 3489 2366 3555
f 2360 2340 3555 2366
f 2340 2360 2932 2935
f 2935 2932 2331 2339
f 2288 2289 2339 2331
f 2289 2288 2232 2233
f 3460 3459 2233 2232
f 3459 3460 2194 2195
f 2193 2196 2195 2194
f 3434 3435 2196 2193
f 3602 3599 3622 3621
f 3602 3621 3619 3605
f 3605 3619 3620 3608
f 3613 2813 3608 3620
f 3616 2812 2813 3613
f 3617 2814 2812 3616
f 3618 2815 2814 3617
f 3350 3347 3320 3317
f 3309 3310 3284 3283
f 3283 3284 3258 3257
f 3232 3231 3257 3258
f 3207 3206 3231 3232
f 3206 3207 3181 3180
f 3180 3181 3155 3154
f 3154 3155 3129 3128
f 3128 3129 3103 3102
f 3102 3103 3077 3076
f 4195 4196 3076 3077
f 3435 3434 2192 2197
f 2815 3618 3610 2811
f 3615 2810 2811 3610
f 3609 2809 2810 3615
f 3614 2808 2809 3609
f 2808 3614 3612 2386
f 2386 3612 3611 2387
f 2381 3731 1677 238
f 3302 3318 3349 3544
f 3310 3311 3285 3284
f 3296 3288 3314 3322
f 2935 3664 3484 2340
f 3664 2935 2339 3636
f 2289 2290 3636 2339
f 2290 2289 2233 2234
f 3662 2268 2273 2936
f 2293 2263 2268 3662
f 2237 2255 2263 2293
f 3727 3334 3349 3546
f 3729 3336 3333 3727
f 3727 3333 3332 3334
f 3334 3332 3726 3725
f 3725 3726 3339 3724
f 3724 3339 3335 3331
f 3728 3723 3331 3335
f 3723 3728 3337 3722
f 3338 3328 3722 3337
f 3330 3340 3328 3338
f 3341 3720 3340 3330
f 3720 3341 3329 3324
f 3324 3329 3721 3325
f 3327 3326 3325 3721
f 3284 3285 3259 3258
f 3233 3232 3258 3259
f 3232 3233 3208 3207
f 3182 3181 3207 3208
f 3181 3182 3156 3155
f 3155 3156 3130 3129
f 3104 3103 3129 3130
f 3078 3077 3103 3104
f 4193 4195 3077 3078
f 3436 3435 2197 2200
f 3435 3436 2199 2196
f 2196 2199 2198 2195
f 3461 3459 2195 2198
f 3459 3461 2234 2233
f 3463 3448 2255 2237
f 3448 3463 2207 2230
f 2208 2229 2230 2207
f 3439 3446 2229 2208
f 3446 3439 2209 2228
f 4184 4185 3081 3088
f 3107 3114 3088 3081
f 3133 3140 3114 3107
f 3140 3133 3159 3166
f 3185 3192 3166 3159
f 3192 3185 3211 3218
f 3218 3211 3236 3244
f 3262 3270 3244 3236
f 3270 3262 3288 3296
f 3572 3573 3735 3734
f 3699 3700 3742 3743
f 3714 3744 3742 3700
f 3714 3572 3734 3744
f 3741 2504 2508 3673
f 2506 2509 2508 2504
f 2507 2543 2540 2495
f 2582 2489 2490 2586
f 2511 2501 2494 2512
f 3753 2489 2488 3754
f 2587 2541 3745 2488
f 3750 2507 2506 3751
f 2613 3747 3746 2607
f 2538 2607 3746 2502
f 3374 2536 2505 3748
f 3409 2534 2501 3749
f 2535 3374 3748 2494
f 2539 3409 3749 2500
f 2506 2507 2495 2509
f 2549 2581 2597 2551
f 2618 2625 2581 2549
f 2625 2618 2547 2580
f 2545 2579 2580 2547
f 2543 2542 2579 2545
f 2507 3750 2542 2543
f 3741 3557 3558 2504
f 2506 2504 3558 3751
f 3557 3741 3732 3497
f 3497 3732 3733 3491
f 3491 3733 3743 3569
f 3569 3743 3742 3571
f 3571 3742 3744 3716
f 3734 3488 3716 3744
f 3488 3734 3735 3489
f 363 2490 3752 1699
f 2489 3753 3752 2490
f 2488 3745 3755 3754
f 3496 3753 3754 3559
f 2597 3771 3769 2635
f 2626 2585 3762 3770
f 3772 3755 3745 3773
f 2584 2626 3770 3761
f 2541 2583 3760 3763
f 3745 2541 3763 3773
f 2583 2584 3761 3760
f 2597 2581 3762 3771
f 2635 3769 3768 2650
f 2650 3768 3759 2665
f 2665 3759 3758 2680
f 2680 3758 3757 2695
f 2695 3757 3756 2710
f 2710 3756 3767 2725
f 2725 3767 3766 2740
f 2740 3766 3765 2755
f 2755 3765 3764 2770
f 2770 3764 3775 2785
f 2785 3775 3774 2800
f 3751 3772 3773 3750
f 3558 2491 2493 3556
f 3558 3556 3772 3751
f 3755 3772 3556 3495
f 2797 2791 3774 2803
f 2803 3774 2799 2802
f 2799 2798 2805 2804
f 2802 2799 2804 2801
f 2801 2804 708 711
f 2762 2770 2785 2777
f 2770 2762 2747 2755
f 2755 2747 2732 2740
f 2740 2732 2717 2725
f 2725 2717 2702 2710
f 2687 2695 2710 2702
f 2695 2687 2672 2680
f 2680 2672 2657 2665
f 2665 2657 2642 2650
f 2650 2642 2553 2635
f 2551 2597 2635 2553
f 3736 3594 3489 3735
f 3737 3597 3594 3736
f 3738 3600 3597 3737
f 3739 3603 3600 3738
f 3740 3606 3603 3739
f 3679 2404 3606 3740
f 2404 3679 3678 2401
f 2401 3678 3677 2402
f 2402 3677 3676 2403
f 3675 2377 2403 3676
f 2377 3675 3674 2376
f 2376 3674 2923 2374
f 2374 2923 3730 2375
f 2375 3730 3680 2380
f 2380 3680 3731 2381
f 2979 2980 3781 3782
f 2977 2978 3785 3786
f 3034 906 1736 3788
f 2976 2977 3786 3783
f 2975 3021 3787 3784
f 3055 3034 3788 3789
f 2980 3055 3789 3781
f 2903 3780 3784 2981
f 3784 3780 2904 2975
f 3018 2958 2964 3019
f 2957 3018 3019 2963
f 3957 2414 3800 3966
f 3803 3802 3004 3026
f 3003 3004 3802 3801
f 3801 3802 3806 3805
f 3966 3800 3804 3967
f 3807 3806 3802 3803
f 3805 3806 3810 3809
f 3967 3804 3808 3968
f 3811 3810 3806 3807
f 3690 3689 3815 3816
f 3963 2957 3814 3969
f 2911 2956 3813 3812
f 3816 3813 2956 3690
f 2911 3812 2955 2830
f 2905 3814 2957 2963
f 2900 3808 3804 2901
f 3800 2412 2901 3804
f 3809 2902 2996 3805
f 3003 3801 3023 2995
f 3023 3801 3805 2996
f 2412 3800 2414 2413
f 2897 3817 3808 2900
f 2889 3817 2897 2898
f 4162 4152 2903 2895
f 4151 4153 2905 2906
f 4163 4154 2889 3519
f 4134 4133 3828 3823
f 4165 4156 2896 2955
f 4166 4157 3813 3816
f 4140 4139 3839 3830
f 4138 4141 3837 3838
f 4169 4159 3810 3811
f 4154 4167 3817 2889
f 4146 4145 3831 3821
f 4136 4147 3834 3826
f 4145 4142 3832 3831
f 4153 4161 3814 2905
f 4147 4137 3835 3834
f 4149 4140 3830 3970
f 4144 4134 3823 3829
f 4152 4164 3780 2903
f 4132 4135 3820 3827
f 4150 4148 3836 3971
f 3855 3854 3832 3833
f 3848 3842 3820 3826
f 3840 3861 3839 3818
f 3838 3837 3859 3860
f 3831 3832 3854 3853
f 3849 3840 3818 3827
f 3829 3823 3845 3851
f 3826 3834 3856 3848
f 3970 3830 3852 3972
f 3844 3850 3828 3822
f 3847 3846 3824 3825
f 3846 3858 3836 3824
f 3834 3835 3857 3856
f 3823 3828 3850 3845
f 3827 3820 3842 3849
f 3821 3831 3853 3843
f 3971 3836 3858 3973
f 3841 3844 3822 3819
f 3830 3839 3861 3852
f 3860 3857 3835 3838
f 3843 3853 3875 3865
f 3973 3858 3880 3975
f 3863 3866 3844 3841
f 3852 3861 3883 3874
f 3882 3879 3857 3860
f 3877 3876 3854 3855
f 3870 3864 3842 3848
f 3862 3883 3861 3840
f 3860 3859 3881 3882
f 3853 3854 3876 3875
f 3871 3862 3840 3849
f 3851 3845 3867 3873
f 3848 3856 3878 3870
f 3972 3852 3874 3974
f 3866 3872 3850 3844
f 3869 3868 3846 3847
f 3868 3880 3858 3846
f 3856 3857 3879 3878
f 3845 3850 3872 3867
f 3849 3842 3864 3871
f 4042 4065 3896 3976
f 4071 4062 3901 3900
f 4070 4018 3894 3889
f 4077 4059 3886 3893
f 4076 4058 3897 3887
f 4041 4072 3902 3977
f 4065 4014 3905 3896
f 4013 4075 3903 3904
f 4058 4074 3898 3897
f 4057 4070 3889 3895
f 4021 4071 3900 3892
f 4113 4103 3905 3884
f 4116 4113 3884 3893
f 4120 4109 3894 3888
f 4121 4110 3890 3891
f 4110 4111 3902 3890
f 4124 4120 3888 3885
f 4104 4122 3901 3904
f 4108 4115 3898 3899
f 4107 4123 3886 3892
f 3945 3937 4023 4044
f 3931 3941 4017 3928
f 4012 4025 3943 3949
f 4044 4054 3981 3945
f 3929 4033 3934 3930
f 3942 3948 4049 4024
f 4048 4034 3935 3947
f 3937 3936 4022 4023
f 3948 3943 4025 4049
f 4043 4028 3983 3944
f 4045 4048 3947 3946
f 3980 3940 4016 4053
f 3930 3935 4034 3929
f 3947 3935 3924 3912
f 3946 3947 3912 3913
f 3949 3943 3916 3910
f 3978 3918 3941 3931
f 3931 3938 3921 3978
f 3914 3922 3937 3945
f 3917 3911 3948 3942
f 3944 3983 3906 3915
f 3919 3920 3939 3940
f 3926 3925 3934 3933
f 3983 3932 3927 3906
f 3945 3981 3908 3914
f 3938 3939 3920 3921
f 3933 3936 3923 3926
f 3918 3927 3932 3941
f 3982 3949 3910 3907
f 3979 3924 3935 3930
f 3909 3919 3940 3980
f 4076 3865 3875 4058
f 4058 3875 3876 4074
f 3877 4019 4074 3876
f 3974 4042 4019 3877
f 4042 3974 3874 4065
f 4065 3874 3883 4014
f 3862 4020 4014 3883
f 3682 3681 3950 3951
f 3683 3682 3951 3952
f 3025 3024 3953 3956
f 3025 3956 3957 3026
f 3024 3027 3954 3953
f 3032 957 1911 3960
f 3688 3962 3963 3689
f 2997 3954 3959 2998
f 3028 2372 3964 3960
f 2372 2998 3959 3964
f 3040 3950 1901 885
f 2961 3955 3952 2962
f 2960 3958 3955 2961
f 2959 3961 3958 2960
f 2958 3965 3961 2959
f 3018 3962 3965 2958
f 3026 3957 3966 3803
f 3803 3966 3967 3807
f 3807 3967 3968 3811
f 3689 3963 3969 3815
f 4143 4149 3970 3833
f 4141 4150 3971 3837
f 3833 3970 3972 3855
f 3837 3971 3973 3859
f 3859 3973 3975 3881
f 3855 3972 3974 3877
f 4019 4042 3976 3899
f 4075 4041 3977 3903
f 3915 3908 3981 3944
f 3911 3916 3943 3948
f 3922 3923 3936 3937
f 3930 3934 3925 3979
f 3871 4077 4020 3862
f 4077 3871 3864 4059
f 4104 4114 3987 3988
f 4105 4115 3989 3990
f 4106 4117 3992 3993
f 4107 4118 3994 3995
f 4125 4119 3996 4006
f 4118 4122 4003 3994
f 4117 4109 3998 3992
f 4116 4123 4004 3991
f 4112 4105 3990 3984
f 4126 4111 4002 4007
f 4119 4103 3985 3996
f 4108 4125 4006 3997
f 4114 4126 4007 3987
f 3892 3886 4059 4021
f 3870 4021 4059 3864
f 4021 3870 3878 4071
f 4071 3878 3879 4062
f 3882 4013 4062 3879
f 4013 3882 3881 4075
f 3890 3902 4072 4073
f 3975 4041 4075 3881
f 3940 3939 4036 4016
f 4028 4031 3932 3983
f 3904 3901 4062 4013
f 4027 4012 3949 3982
f 3893 3884 4020 4077
f 3891 3890 4073 4063
f 4041 3975 3880 4072
f 3888 3894 4018 4064
f 3868 4073 4072 3880
f 3899 3898 4074 4019
f 3884 3905 4014 4020
f 3869 4063 4073 3868
f 3885 3888 4064 4015
f 4057 3873 3867 4070
f 4070 3867 3872 4018
f 3866 4064 4018 3872
f 3863 4015 4064 3866
f 3933 3934 4033 4032
f 3928 4035 3938 3931
f 4035 4036 3939 3938
f 3944 3981 4054 4043
f 4035 4010 4011 4036
f 3941 3932 4031 4017
f 3928 4051 4010 4035
f 4051 3928 4017 4067
f 4067 4017 4031 4009
f 4028 4056 4009 4031
f 4043 4046 4056 4028
f 4046 4043 4054 4069
f 4044 4047 4069 4054
f 4047 4044 4023 4040
f 4040 4023 4022 4039
f 4032 4008 4039 4022
f 4032 4022 3936 3933
f 4008 4032 4033 4061
f 3929 4052 4061 4033
f 4052 3929 4034 4060
f 4048 4029 4060 4034
f 4045 4026 4029 4048
f 4037 4024 4049 4030
f 4030 4049 4025 4038
f 4012 4050 4038 4025
f 4027 4055 4050 4012
f 4068 4053 4016 4066
f 4066 4016 4036 4011
f 4099 4052 4060 4100
f 4093 4066 4011 4091
f 3907 4005 3984 3909
f 4087 4061 4052 4099
f 4088 4008 4061 4087
f 3907 3909 3980 3982
f 4092 4079 4080 4091
f 4095 4078 4080 4097
f 4068 4055 4027 4053
f 4083 4081 4079 4092
f 4094 4082 4081 4083
f 4090 4082 4046 4069
f 4081 4089 4096 4079
f 3982 3980 4053 4027
f 4079 4096 4097 4080
f 4089 4101 4085 4096
f 4078 4093 4091 4080
f 4010 4092 4091 4011
f 4051 4083 4092 4010
f 4067 4094 4083 4051
f 4085 4099 4100 4084
f 4086 4095 4097 4084
f 4082 4090 4089 4081
f 4055 4093 4078 4050
f 4050 4078 4095 4038
f 4096 4085 4084 4097
f 4094 4067 4009 4056
f 4026 4037 4098 4029
f 4086 4030 4038 4095
f 4098 4086 4084 4100
f 4090 4102 4101 4089
f 4029 4098 4100 4060
f 4102 4088 4087 4101
f 4101 4087 4099 4085
f 4102 4090 4069 4047
f 4082 4094 4056 4046
f 4008 4088 4040 4039
f 4088 4102 4047 4040
f 3986 3985 4103 4113
f 3991 3986 4113 4116
f 3999 3998 4109 4120
f 4001 4000 4110 4121
f 4000 4002 4111 4110
f 4005 3999 4120 4124
f 3988 4003 4122 4104
f 3997 3989 4115 4108
f 3995 4004 4123 4107
f 3904 3903 4114 4104
f 3897 3898 4115 4105
f 3895 3889 4117 4106
f 3892 3900 4118 4107
f 3976 3896 4119 4125
f 3900 3901 4122 4118
f 3889 3894 4109 4117
f 3893 3886 4123 4116
f 3887 3897 4105 4112
f 3977 3902 4111 4126
f 3896 3905 4103 4119
f 3899 3976 4125 4108
f 3903 3977 4126 4114
f 3997 3921 3920 3989
f 4006 3978 3921 3997
f 3978 4006 3996 3918
f 3918 3996 3985 3927
f 3986 3906 3927 3985
f 3991 3915 3906 3986
f 3915 3991 4004 3908
f 3995 3914 3908 4004
f 3914 3995 3994 3922
f 3922 3994 4003 3923
f 3988 3926 3923 4003
f 3926 3988 3987 3925
f 4007 3979 3925 3987
f 3979 4007 4002 3924
f 4000 3912 3924 4002
f 4001 3913 3912 4000
f 3917 3993 3992 3911
f 3911 3992 3998 3916
f 3999 3910 3916 3998
f 4005 3907 3910 3999
f 3909 3984 3990 3919
f 3919 3990 3989 3920
f 3819 3822 4128 4129
f 3825 3824 4130 4127
f 3827 3818 4131 4132
f 4155 4164 4133 4134
f 3826 3820 4135 4136
f 3838 3835 4137 4138
f 3863 3865 4076 4015
f 4158 4167 4139 4140
f 4166 4168 4141 4138
f 3833 3832 4142 4143
f 3818 3839 4139 4131
f 4160 4171 4145 4146
f 4165 4172 4147 4136
f 4171 4159 4142 4145
f 4015 4076 3887 3885
f 3824 3836 4148 4130
f 4172 4157 4137 4147
f 4173 4158 4140 4149
f 4170 4155 4134 4144
f 3822 3828 4133 4128
f 4163 4156 4135 4132
f 4174 4161 4148 4150
f 4169 4173 4149 4143
f 4168 4174 4150 4141
f 4129 4128 4152 4162
f 4127 4130 4153 4151
f 4132 4131 4154 4163
f 4136 4135 4156 4165
f 4138 4137 4157 4166
f 4143 4142 4159 4169
f 4131 4139 4167 4154
f 4130 4148 4161 4153
f 4128 4133 4164 4152
f 4037 4026 4045 4024
f 2904 3780 4164 4155
f 4112 4124 3885 3887
f 3808 3817 4167 4158
f 3816 3815 4168 4166
f 2902 3809 4171 4160
f 2955 3812 4172 4165
f 3809 3810 4159 4171
f 4112 3984 4005 4124
f 3812 3813 4157 4172
f 3968 3808 4158 4173
f 3790 2904 4155 4170
f 3519 2896 4156 4163
f 3969 3814 4161 4174
f 3811 3968 4173 4169
f 3815 3969 4174 4168
f 4098 4037 4030 4086
f 4055 4068 4066 4093
f 3946 3942 4024 4045
f 3913 3917 3942 3946
f 3917 3913 4001 3993
f 4121 4106 3993 4001
f 4106 4121 3891 3895
f 4063 4057 3895 3891
f 3869 3873 4057 4063
f 3847 3851 3873 3869
f 3851 3847 3825 3829
f 4127 4144 3829 3825
f 4151 4170 4144 4127
f 4170 4151 2906 3790
f 3790 2906 2969 3792
f 3020 3797 3792 2969
f 3797 3020 2970 3791
f 3791 2970 2971 3795
f 3865 3863 3841 3843
f 3819 3821 3843 3841
f 4129 4146 3821 3819
f 4162 4160 4146 4129
f 4160 4162 2895 2902
f 2890 2996 2902 2895
f 3777 3023 2996 2890
f 2893 2995 3023 3777
f 2894 2994 2995 2893
f 3776 2907 2994 2894
f 2891 2909 2907 3776
f 2892 2908 2909 2891
f 3779 3059 2908 2892
f 3778 3037 3059 3779
f 1725 827 3037 3778
f 3795 2971 2972 3794
f 3794 2972 2973 3793
f 3793 2973 2974 3796
f 3056 3799 3796 2974
f 3799 3056 3038 3798
f 3798 3038 899 1746
f 2156 2157 4175 4176
f 3069 3070 4177 4178
f 3068 3069 4178 4179
f 3067 3068 4179 4180
f 3066 3067 4180 4181
f 3082 3065 4175 4182
f 3088 3087 4183 4184
f 2258 2219 4186 4187
f 3087 3086 4188 4183
f 3524 3081 4185 4201
f 3086 3085 4186 4188
f 3079 3080 4190 4191
f 3089 3084 4192 4187
f 3078 3079 4191 4193
f 3084 3083 4194 4192
f 3083 3082 4182 4194
f 3075 3076 4196 4197
f 3523 3074 4189 4202
f 3072 3073 4198 4199
f 3064 3066 4181 4176
f 3071 3072 4199 4200
f 3070 3071 4200 4177
f 2189 2186 4189 4197
f 3080 3524 4201 4190
f 3073 3523 4202 4198
f 2197 2192 4196 4195
f 2200 2197 4195 4193
f 2228 2209 4185 4184
f 3731 3421 1353 1677
f 2373 228 221 2367
f 2651 541 524 2636
f 2614 494 495 2615
f 2632 514 496 2616
f 493 2613 2617 497
f 2613 493 1694 3747
f 2612 492 725 2818
f 3578 2825 734 1519
f 3588 3631 1568 1528
f 3704 3637 1582 1653
f 2387 3611 1549 245
f 2654 538 555 2669
f 2639 521 538 2654
g helper-l-eye
f 4266 4257 4248 4239
f 4203 4266 4239 4230
f 4212 4203 4230 4221
f 4203 4212 4213 4204
f 4266 4203 4204 4267
f 4258 4257 4266 4267
f 4249 4248 4257 4258
f 4240 4239 4248 4249
f 4231 4230 4239 4240
f 4219 4228 4229 4220
f 4225 4216 4215 4224
f 4226 4217 4216 4225
f 4260 4259 4268 4269
f 4259 4258 4267 4268
f 4255 4246 4245 4254
f 4254 4245 4244 4253
f 4212 4221 4222 4213
f 4221 4230 4231 4222
f 4253 4244 4243 4252
f 4242 4251 4252 4243
f 4204 4205 4268 4267
f 4205 4206 4269 4268
f 4227 4218 4217 4226
f 4228 4219 4218 4227
f 4228 4237 4238 4229
f 4241 4250 4251 4242
f 4250 4241 4240 4249
f 4269 4206 4207 4270
f 4270 4207 4208 4271
f 4227 4236 4237 4228
f 4226 4235 4236 4227
f 4210 4219 4220 4211
f 4259 4250 4249 4258
f 4250 4259 4260 4251
f 4271 4208 4209 4272
f 4272 4209 4210 4273
f 4225 4234 4235 4226
f 4225 4224 4233 4234
f 4273 4210 4211 4274
f 4251 4260 4261 4252
f 4262 4253 4252 4261
f 4219 4210 4209 4218
f 4218 4209 4208 4217
f 4224 4223 4232 4233
f 4223 4222 4231 4232
f 4264 4273 4274 4265
f 4255 4264 4265 4256
f 4246 4255 4256 4247
f 4237 4246 4247 4238
f 4211 4220 4229 4238
f 4211 4238 4247 4274
f 4256 4265 4274 4247
f 4232 4231 4240 4241
f 4233 4232 4241 4242
f 4233 4242 4243 4234
f 4244 4235 4234 4243
f 4245 4236 4235 4244
f 4237 4236 4245 4246
f 4217 4208 4207 4216
f 4216 4207 4206 4215
f 4215 4206 4205 4214
f 4214 4205 4204 4213
f 4263 4254 4253 4262
f 4264 4255 4254 4263
f 4223 4214 4213 4222
f 4263 4272 4273 4264
f 4262 4271 4272 4263
f 4224 4215 4214 4223
f 4261 4270 4271 4262
f 4260 4269 4270 4261
g helper-r-eye
f 4338 4311 4320 4329
f 4275 4302 4311 4338
f 4284 4293 4302 4275
f 4275 4276 4285 4284
f 4338 4339 4276 4275
f 4330 4339 4338 4329
f 4321 4330 4329 4320
f 4312 4321 4320 4311
f 4303 4312 4311 4302
f 4291 4292 4301 4300
f 4297 4296 4287 4288
f 4298 4297 4288 4289
f 4332 4341 4340 4331
f 4331 4340 4339 4330
f 4327 4326 4317 4318
f 4326 4325 4316 4317
f 4284 4285 4294 4293
f 4293 4294 4303 4302
f 4325 4324 4315 4316
f 4314 4315 4324 4323
f 4276 4339 4340 4277
f 4277 4340 4341 4278
f 4299 4298 4289 4290
f 4300 4299 4290 4291
f 4300 4301 4310 4309
f 4313 4314 4323 4322
f 4322 4321 4312 4313
f 4341 4342 4279 4278
f 4342 4343 4280 4279
f 4299 4300 4309 4308
f 4298 4299 4308 4307
f 4282 4283 4292 4291
f 4331 4330 4321 4322
f 4322 4323 4332 4331
f 4343 4344 4281 4280
f 4344 4345 4282 4281
f 4297 4298 4307 4306
f 4297 4306 4305 4296
f 4345 4346 4283 4282
f 4323 4324 4333 4332
f 4334 4333 4324 4325
f 4291 4290 4281 4282
f 4290 4289 4280 4281
f 4296 4305 4304 4295
f 4295 4304 4303 4294
f 4336 4337 4346 4345
f 4327 4328 4337 4336
f 4318 4319 4328 4327
f 4309 4310 4319 4318
f 4283 4310 4301 4292
f 4283 4346 4319 4310
f 4328 4319 4346 4337
f 4304 4313 4312 4303
f 4305 4314 4313 4304
f 4305 4306 4315 4314
f 4316 4315 4306 4307
f 4317 4316 4307 4308
f 4309 4318 4317 4308
f 4289 4288 4279 4280
f 4288 4287 4278 4279
f 4287 4286 4277 4278
f 4286 4285 4276 4277
f 4335 4334 4325 4326
f 4336 4335 4326 4327
f 4295 4294 4285 4286
f 4335 4336 4345 4344
f 4334 4335 4344 4343
f 4296 4295 4286 4287
f 4333 4334 4343 4342
f 4332 4333 4342 4341
